[
  {
    "value": "돈까스",
    "synonyms": [
      "돈까스",
      "돈가스"
    ]
  },
  {
    "value": "치즈돈까스",
    "synonyms": [
      "치즈돈까스",
      "치돈"
    ]
  },
  {
    "value": "피자돈까스",
    "synonyms": [
      "피자돈까스",
      "피돈"
    ]
  },
  {
    "value": "김치볶음밥",
    "synonyms": [
      "김치볶음밥",
      "김볶",
      "김치복음밥"
    ]
  },
  {
    "value": "사이다",
    "synonyms": [
      "사이다"
    ]
  },
  {
    "value": "콜라",
    "synonyms": [
      "콜라"
    ]
  },
  {
    "value": "왕돈까스",
    "synonyms": [
      "왕돈까스"
    ]
  },
  {
    "value": "생선까스",
    "synonyms": [
      "생선까스"
    ]
  }
]