[
  {
    "value": "치즈돈까스",
    "synonyms": [
      "치즈돈까스"
    ]
  },
  {
    "value": "피자돈까스",
    "synonyms": [
      "피자돈까스"
    ]
  },
  {
    "value": "김치돈까스",
    "synonyms": [
      "김치돈까스"
    ]
  },
  {
    "value": "함박스테이크",
    "synonyms": [
      "함박스테이크"
    ]
  },
  {
    "value": "생선까스",
    "synonyms": [
      "생선까스"
    ]
  },
  {
    "value": "오븐스파게티",
    "synonyms": [
      "오븐스파게티"
    ]
  }
]