[
  {
    "id": "3e7b142c-94e7-4c6b-99d7-50351bc3338a",
    "data": [
      {
        "text": "도서",
        "meta": "@class_detail",
        "alias": "class_detail",
        "userDefined": false
      }
    ],
    "isTemplate": false,
    "count": 0,
    "lang": "ko",
    "updated": 0
  },
  {
    "id": "a256f75a-33b0-44fb-b97d-a5bf1e2f580f",
    "data": [
      {
        "text": "1",
        "meta": "@class_detail",
        "alias": "class_detail",
        "userDefined": false
      }
    ],
    "isTemplate": false,
    "count": 0,
    "lang": "ko",
    "updated": 0
  },
  {
    "id": "7364a359-54ec-45f0-9a9d-77cd9586e5b7",
    "data": [
      {
        "text": "책",
        "meta": "@class_detail",
        "alias": "class_detail",
        "userDefined": false
      },
      {
        "text": " 뭐 써",
        "userDefined": false
      }
    ],
    "isTemplate": false,
    "count": 0,
    "lang": "ko",
    "updated": 0
  },
  {
    "id": "f4a6bdba-c38d-4f5a-933f-fe37526e3696",
    "data": [
      {
        "text": "교재",
        "meta": "@class_detail",
        "alias": "class_detail",
        "userDefined": false
      }
    ],
    "isTemplate": false,
    "count": 0,
    "lang": "ko",
    "updated": 0
  },
  {
    "id": "b78c2d7d-4b45-492c-99d3-cf7e32ff96f4",
    "data": [
      {
        "text": "교재",
        "meta": "@class_detail",
        "alias": "class_detail",
        "userDefined": false
      },
      {
        "text": " 뭐야",
        "userDefined": false
      }
    ],
    "isTemplate": false,
    "count": 0,
    "lang": "ko",
    "updated": 0
  }
]