[
  {
    "id": "7691c20c-80db-48db-8ea2-e2fa2609ae4e",
    "data": [
      {
        "text": "1 교재 안내",
        "meta": "@class_info",
        "alias": "class_info",
        "userDefined": false
      }
    ],
    "isTemplate": false,
    "count": 0,
    "lang": "ko",
    "updated": 0
  },
  {
    "id": "f17fdc7a-3a7d-44af-a183-3b3de74dd0c3",
    "data": [
      {
        "text": "1. 교재안내",
        "meta": "@class_info",
        "alias": "class_info",
        "userDefined": false
      }
    ],
    "isTemplate": false,
    "count": 0,
    "lang": "ko",
    "updated": 0
  },
  {
    "id": "8839d94d-c69e-41f8-9922-94355ae27cec",
    "data": [
      {
        "text": "교재 안내",
        "meta": "@class_info",
        "alias": "class_info",
        "userDefined": false
      }
    ],
    "isTemplate": false,
    "count": 0,
    "lang": "ko",
    "updated": 0
  },
  {
    "id": "b5c54b19-af47-4318-a7d6-0174281c8562",
    "data": [
      {
        "text": "교재안내",
        "meta": "@class_info",
        "alias": "class_info",
        "userDefined": false
      }
    ],
    "isTemplate": false,
    "count": 0,
    "lang": "ko",
    "updated": 0
  },
  {
    "id": "da1a70bf-fc1b-4aa9-815f-8ea579df962b",
    "data": [
      {
        "text": "교재",
        "meta": "@class_info",
        "alias": "class_info",
        "userDefined": false
      }
    ],
    "isTemplate": false,
    "count": 0,
    "lang": "ko",
    "updated": 0
  },
  {
    "id": "311198bb-d061-4e9b-920e-8de15f1609ad",
    "data": [
      {
        "text": "1",
        "meta": "@class_info",
        "alias": "class_info",
        "userDefined": false
      }
    ],
    "isTemplate": false,
    "count": 0,
    "lang": "ko",
    "updated": 0
  }
]