[
  {
    "id": "cc13e205-a846-4ef4-82a7-cadb81d367e5",
    "data": [
      {
        "text": "1",
        "meta": "@class_title",
        "alias": "class_title",
        "userDefined": true
      }
    ],
    "isTemplate": false,
    "count": 0,
    "lang": "ko",
    "updated": 0
  },
  {
    "id": "e963f318-333e-4fea-9a9a-62f756a8802a",
    "data": [
      {
        "text": "1.",
        "meta": "@class_title",
        "alias": "class_title",
        "userDefined": true
      },
      {
        "text": " A.I 개발자 양성과정 ",
        "userDefined": false
      },
      {
        "text": "3",
        "meta": "@sys.ignore",
        "userDefined": false
      },
      {
        "text": "기",
        "userDefined": false
      }
    ],
    "isTemplate": false,
    "count": 0,
    "lang": "ko",
    "updated": 0
  }
]