[
  {
    "id": "5af7d27d-a55a-4a97-9637-f8083a4ad8f0",
    "data": [
      {
        "text": "3",
        "meta": "@sys.number",
        "alias": "number",
        "userDefined": false
      }
    ],
    "isTemplate": false,
    "count": 0,
    "lang": "ko",
    "updated": 0
  },
  {
    "id": "a84f038e-9ef3-45c7-963f-e26cbf36d03c",
    "data": [
      {
        "text": "수료",
        "userDefined": false
      }
    ],
    "isTemplate": false,
    "count": 0,
    "lang": "ko",
    "updated": 0
  }
]