[
  {
    "id": "a591dc68-728b-485b-922f-59feb1a48199",
    "data": [
      {
        "text": "배고프당",
        "userDefined": false
      }
    ],
    "isTemplate": false,
    "count": 0,
    "lang": "ko",
    "updated": 0
  },
  {
    "id": "8c2604e2-7865-4eb6-beda-b8ce626b918e",
    "data": [
      {
        "text": "배고파",
        "userDefined": false
      }
    ],
    "isTemplate": false,
    "count": 0,
    "lang": "ko",
    "updated": 0
  },
  {
    "id": "f89ab980-b4e0-444f-a8c1-3ba0f572314b",
    "data": [
      {
        "text": "배고프다",
        "userDefined": false
      }
    ],
    "isTemplate": false,
    "count": 0,
    "lang": "ko",
    "updated": 0
  }
]