[
  {
    "id": "3a628f09-4bdc-4d26-890e-1df1d4ecb76d",
    "data": [
      {
        "text": "약 제공되니?",
        "userDefined": false
      }
    ],
    "isTemplate": false,
    "count": 0,
    "lang": "ko",
    "updated": 0
  },
  {
    "id": "43ca8e9b-15b3-47a2-bdf9-0f5312e6ec55",
    "data": [
      {
        "text": "약 있어?",
        "userDefined": false
      }
    ],
    "isTemplate": false,
    "count": 0,
    "lang": "ko",
    "updated": 0
  },
  {
    "id": "f82780c1-4a1d-4b42-a62d-32cb4f609cb0",
    "data": [
      {
        "text": "아프다 약 어딨어?",
        "userDefined": false
      }
    ],
    "isTemplate": false,
    "count": 0,
    "lang": "ko",
    "updated": 0
  },
  {
    "id": "f420200e-5a4d-424b-bb56-c14b748d15e8",
    "data": [
      {
        "text": "병원에",
        "meta": "@sys.ignore",
        "userDefined": false
      },
      {
        "text": " 가자",
        "userDefined": false
      }
    ],
    "isTemplate": false,
    "count": 0,
    "lang": "ko",
    "updated": 0
  },
  {
    "id": "65402db2-70be-421c-8bef-f8437cb1a433",
    "data": [
      {
        "text": "나 병원",
        "meta": "@sys.ignore",
        "userDefined": false
      },
      {
        "text": "가야",
        "meta": "@sys.ignore",
        "userDefined": false
      },
      {
        "text": " 할 것 같아",
        "userDefined": false
      }
    ],
    "isTemplate": false,
    "count": 0,
    "lang": "ko",
    "updated": 0
  },
  {
    "id": "a392c894-a0be-4944-8893-2d5464d833d7",
    "data": [
      {
        "text": "나 몸",
        "userDefined": false
      },
      {
        "text": "이",
        "meta": "@sys.ignore",
        "userDefined": false
      },
      {
        "text": " 너무 아파",
        "userDefined": false
      }
    ],
    "isTemplate": false,
    "count": 0,
    "lang": "ko",
    "updated": 0
  },
  {
    "id": "fb8ac2c8-dc87-4503-81ac-91b61ea94d52",
    "data": [
      {
        "text": "나 아파",
        "userDefined": false
      }
    ],
    "isTemplate": false,
    "count": 0,
    "lang": "ko",
    "updated": 0
  }
]