[
  {
    "id": "10dc8eeb-a1bf-4f1d-bd9b-b23822f02582",
    "data": [
      {
        "text": "시끄럽다",
        "userDefined": false
      }
    ],
    "isTemplate": false,
    "count": 0,
    "lang": "ko",
    "updated": 0
  },
  {
    "id": "d1e72104-4b52-41c8-adc0-7b3fb2725a21",
    "data": [
      {
        "text": "시끄러",
        "userDefined": false
      }
    ],
    "isTemplate": false,
    "count": 0,
    "lang": "ko",
    "updated": 0
  },
  {
    "id": "b0849765-f44a-4037-b4cb-57d70b298bd9",
    "data": [
      {
        "text": "시끄러워",
        "meta": "@sys.ignore",
        "userDefined": false
      }
    ],
    "isTemplate": false,
    "count": 0,
    "lang": "ko",
    "updated": 0
  },
  {
    "id": "49b6df23-f96c-4949-a47c-8e12d35a5fb8",
    "data": [
      {
        "text": "옆 강의실 소리가 너무 커요",
        "userDefined": false
      }
    ],
    "isTemplate": false,
    "count": 0,
    "lang": "ko",
    "updated": 0
  },
  {
    "id": "2d793383-dd81-418b-b393-a1b7d5dcb0cb",
    "data": [
      {
        "text": "소음",
        "meta": "@sys.ignore",
        "userDefined": false
      },
      {
        "text": "이",
        "meta": "@sys.ignore",
        "userDefined": false
      },
      {
        "text": " 심해요",
        "userDefined": false
      }
    ],
    "isTemplate": false,
    "count": 0,
    "lang": "ko",
    "updated": 0
  },
  {
    "id": "88c35733-d0f5-40c0-9a9a-5b857a580a10",
    "data": [
      {
        "text": "복도가 너무 시끄러워요",
        "userDefined": false
      }
    ],
    "isTemplate": false,
    "count": 0,
    "lang": "ko",
    "updated": 0
  }
]