[
  {
    "id": "92ea5d46-168e-4485-9313-3633d11c222c",
    "data": [
      {
        "text": "책 보관",
        "meta": "@sys.ignore",
        "userDefined": false
      }
    ],
    "isTemplate": false,
    "count": 0,
    "lang": "ko",
    "updated": 0
  },
  {
    "id": "1ed9f0a2-c3dd-401f-a02c-5413c6bb1ef8",
    "data": [
      {
        "text": "노트북 ",
        "userDefined": false
      },
      {
        "text": "보관",
        "meta": "@sys.ignore",
        "userDefined": false
      }
    ],
    "isTemplate": false,
    "count": 0,
    "lang": "ko",
    "updated": 0
  },
  {
    "id": "c24d7000-ec5d-4a4a-89b3-afface5464b2",
    "data": [
      {
        "text": "노트북 어따 둬?",
        "userDefined": false
      }
    ],
    "isTemplate": false,
    "count": 0,
    "lang": "ko",
    "updated": 0
  },
  {
    "id": "f3819970-dd4a-4405-b7d0-21978e7f059d",
    "data": [
      {
        "text": "노트북 어디다 둬?",
        "userDefined": false
      }
    ],
    "isTemplate": false,
    "count": 0,
    "lang": "ko",
    "updated": 0
  },
  {
    "id": "b73bc3ce-4819-4267-bdc8-4ae81bea04f0",
    "data": [
      {
        "text": "책",
        "meta": "@sys.ignore",
        "userDefined": false
      },
      {
        "text": " 어따 둬?",
        "userDefined": false
      }
    ],
    "isTemplate": false,
    "count": 0,
    "lang": "ko",
    "updated": 0
  },
  {
    "id": "6011f90e-ce16-4b81-ba24-e3d4a65bd1a9",
    "data": [
      {
        "text": "책",
        "meta": "@sys.ignore",
        "userDefined": false
      },
      {
        "text": " 어디다 둬?",
        "userDefined": false
      }
    ],
    "isTemplate": false,
    "count": 0,
    "lang": "ko",
    "updated": 0
  },
  {
    "id": "c67b74bc-bc76-42f4-b1ef-4b2d1c993ba6",
    "data": [
      {
        "text": "책",
        "meta": "@sys.ignore",
        "userDefined": false
      },
      {
        "text": " 많아",
        "userDefined": false
      }
    ],
    "isTemplate": false,
    "count": 0,
    "lang": "ko",
    "updated": 0
  },
  {
    "id": "4dc553fd-428c-453a-a2b6-16f33b2b5ddf",
    "data": [
      {
        "text": "책",
        "meta": "@sys.ignore",
        "userDefined": false
      },
      {
        "text": "이",
        "meta": "@sys.ignore",
        "userDefined": false
      },
      {
        "text": " 너무 많아",
        "userDefined": false
      }
    ],
    "isTemplate": false,
    "count": 0,
    "lang": "ko",
    "updated": 0
  },
  {
    "id": "b75dc39e-bf60-427c-8cef-e34c49b2941e",
    "data": [
      {
        "text": "자율학습 끝나고 짐 놓고가도돼?",
        "userDefined": false
      }
    ],
    "isTemplate": false,
    "count": 0,
    "lang": "ko",
    "updated": 0
  },
  {
    "id": "953335d9-b501-4567-ba17-d8a32befa5c3",
    "data": [
      {
        "text": "짐 어떻게 해?",
        "userDefined": false
      }
    ],
    "isTemplate": false,
    "count": 0,
    "lang": "ko",
    "updated": 0
  },
  {
    "id": "e7f8ba93-3c80-4c73-b167-0a78d496b040",
    "data": [
      {
        "text": "자율학습 끝나고 정리하는 법",
        "userDefined": false
      }
    ],
    "isTemplate": false,
    "count": 0,
    "lang": "ko",
    "updated": 0
  }
]