[
  {
    "id": "0d0aee2f-f555-416f-b499-86df57c8f02b",
    "data": [
      {
        "text": "5 프로젝트",
        "meta": "@sys.ignore",
        "userDefined": false
      }
    ],
    "isTemplate": false,
    "count": 1,
    "lang": "ko",
    "updated": 0
  },
  {
    "id": "5a1f0dbf-93d8-4daf-9614-067927a67f25",
    "data": [
      {
        "text": "5",
        "meta": "@sys.ignore",
        "userDefined": false
      }
    ],
    "isTemplate": false,
    "count": 0,
    "lang": "ko",
    "updated": 0
  },
  {
    "id": "d2dc3017-a855-42d9-b935-a219175a30c1",
    "data": [
      {
        "text": "프로젝트",
        "meta": "@class_info",
        "alias": "class_info",
        "userDefined": false
      },
      {
        "text": " 알려줘",
        "userDefined": false
      }
    ],
    "isTemplate": false,
    "count": 0,
    "lang": "ko",
    "updated": 0
  },
  {
    "id": "a7b9084e-02c9-4a60-a08a-b7250ff486d9",
    "data": [
      {
        "text": "프로젝트",
        "meta": "@class_info",
        "alias": "class_info",
        "userDefined": false
      },
      {
        "text": "가 뭐야?",
        "userDefined": false
      }
    ],
    "isTemplate": false,
    "count": 0,
    "lang": "ko",
    "updated": 0
  },
  {
    "id": "8024561a-1c9f-4dce-b4a4-1f2b7f83c499",
    "data": [
      {
        "text": "프로젝트",
        "meta": "@class_info",
        "alias": "class_info",
        "userDefined": false
      }
    ],
    "isTemplate": false,
    "count": 0,
    "lang": "ko",
    "updated": 0
  }
]