[
  {
    "id": "7dd6d467-b44e-4cae-9cd7-8a0fb5b490b4",
    "data": [
      {
        "text": "3",
        "meta": "@class",
        "alias": "class",
        "userDefined": false
      }
    ],
    "isTemplate": false,
    "count": 0,
    "lang": "ko",
    "updated": 0
  },
  {
    "id": "8faa954f-69ad-498f-9193-02162d3d89b0",
    "data": [
      {
        "text": "공공 데이터",
        "meta": "@class",
        "alias": "class",
        "userDefined": false
      },
      {
        "text": " ",
        "userDefined": false
      },
      {
        "text": "청년 인턴쉽",
        "meta": "@class",
        "alias": "class",
        "userDefined": false
      }
    ],
    "isTemplate": false,
    "count": 0,
    "lang": "ko",
    "updated": 0
  },
  {
    "id": "19002bf3-02ec-42d0-9c22-d9a7045c78a3",
    "data": [
      {
        "text": "청년인턴쉽",
        "meta": "@class",
        "alias": "class",
        "userDefined": false
      }
    ],
    "isTemplate": false,
    "count": 0,
    "lang": "ko",
    "updated": 0
  },
  {
    "id": "9b5492d4-9567-4fa0-80a0-99eef73b07ef",
    "data": [
      {
        "text": "청년 인턴쉽",
        "meta": "@class",
        "alias": "class",
        "userDefined": false
      }
    ],
    "isTemplate": false,
    "count": 0,
    "lang": "ko",
    "updated": 0
  },
  {
    "id": "42156ee1-e5e0-426a-bbaa-f1ac2fc18e1a",
    "data": [
      {
        "text": "공공 데이터",
        "meta": "@class",
        "alias": "class",
        "userDefined": false
      }
    ],
    "isTemplate": false,
    "count": 0,
    "lang": "ko",
    "updated": 0
  },
  {
    "id": "129145c6-2df1-4721-b524-238464001a96",
    "data": [
      {
        "text": "공공데이터",
        "meta": "@class",
        "alias": "class",
        "userDefined": false
      }
    ],
    "isTemplate": false,
    "count": 0,
    "lang": "ko",
    "updated": 0
  },
  {
    "id": "082f0787-5eab-4271-ba07-392ec98d5a52",
    "data": [
      {
        "text": "공공",
        "meta": "@class",
        "alias": "class",
        "userDefined": false
      }
    ],
    "isTemplate": false,
    "count": 0,
    "lang": "ko",
    "updated": 0
  }
]