[
  {
    "id": "18f9da7a-8efb-4f7a-adf9-3be3a0565432",
    "data": [
      {
        "text": "에어컨",
        "meta": "@sys.ignore",
        "userDefined": false
      },
      {
        "text": " 틀어줘",
        "userDefined": false
      }
    ],
    "isTemplate": false,
    "count": 0,
    "lang": "ko",
    "updated": 0
  },
  {
    "id": "2348807f-b13b-4d41-9035-1cbecd2f950b",
    "data": [
      {
        "text": "히터 틀어줘",
        "userDefined": false
      }
    ],
    "isTemplate": false,
    "count": 0,
    "lang": "ko",
    "updated": 0
  },
  {
    "id": "131d0a21-ae54-40d8-9163-5450caae01f7",
    "data": [
      {
        "text": "덥다",
        "userDefined": false
      }
    ],
    "isTemplate": false,
    "count": 0,
    "lang": "ko",
    "updated": 0
  },
  {
    "id": "e1b97442-95ae-4a1b-8ff6-3a823085e8f3",
    "data": [
      {
        "text": "춥다",
        "userDefined": false
      }
    ],
    "isTemplate": false,
    "count": 0,
    "lang": "ko",
    "updated": 0
  },
  {
    "id": "05d03f14-24ab-455b-ab5d-99fbe101a81b",
    "data": [
      {
        "text": "더워",
        "userDefined": false
      }
    ],
    "isTemplate": false,
    "count": 0,
    "lang": "ko",
    "updated": 0
  },
  {
    "id": "2c1183cc-1b43-44c3-8d74-72a4c0b37ee8",
    "data": [
      {
        "text": "추워",
        "userDefined": false
      }
    ],
    "isTemplate": false,
    "count": 0,
    "lang": "ko",
    "updated": 0
  },
  {
    "id": "d357c017-92c2-4635-b5aa-8419c9962956",
    "data": [
      {
        "text": "강의실",
        "userDefined": false
      },
      {
        "text": "이",
        "meta": "@sys.ignore",
        "userDefined": false
      },
      {
        "text": " 더워요.",
        "userDefined": false
      }
    ],
    "isTemplate": false,
    "count": 0,
    "lang": "ko",
    "updated": 0
  },
  {
    "id": "32d1766d-9771-4386-9655-f854af207a4d",
    "data": [
      {
        "text": "에어컨",
        "meta": "@sys.ignore",
        "userDefined": false
      },
      {
        "text": " 바람",
        "userDefined": false
      },
      {
        "text": "이",
        "meta": "@sys.ignore",
        "userDefined": false
      },
      {
        "text": " 쎄요.",
        "userDefined": false
      }
    ],
    "isTemplate": false,
    "count": 0,
    "lang": "ko",
    "updated": 0
  },
  {
    "id": "29b932cf-1731-4051-96d7-57ed7720145c",
    "data": [
      {
        "text": "교실",
        "userDefined": false
      },
      {
        "text": "이",
        "meta": "@sys.ignore",
        "userDefined": false
      },
      {
        "text": " 더워.",
        "userDefined": false
      }
    ],
    "isTemplate": false,
    "count": 0,
    "lang": "ko",
    "updated": 0
  },
  {
    "id": "09647f66-1995-469b-a5f8-93f496f4588e",
    "data": [
      {
        "text": "교실",
        "userDefined": false
      },
      {
        "text": "이",
        "meta": "@sys.ignore",
        "userDefined": false
      },
      {
        "text": " 너무 추워",
        "userDefined": false
      }
    ],
    "isTemplate": false,
    "count": 0,
    "lang": "ko",
    "updated": 0
  }
]