[
  {
    "id": "3882f9e0-6704-4a2f-860c-80a2f22c23f7",
    "data": [
      {
        "text": "놀자",
        "userDefined": false
      }
    ],
    "isTemplate": false,
    "count": 0,
    "lang": "ko",
    "updated": 0
  },
  {
    "id": "70c51e9e-4851-4396-85a1-a4ecb86849cc",
    "data": [
      {
        "text": "놀고싶다",
        "userDefined": false
      }
    ],
    "isTemplate": false,
    "count": 0,
    "lang": "ko",
    "updated": 0
  },
  {
    "id": "9760c5d8-ac5b-47df-80c7-d7ccf60df1b8",
    "data": [
      {
        "text": "뭐해?",
        "userDefined": false
      }
    ],
    "isTemplate": false,
    "count": 0,
    "lang": "ko",
    "updated": 0
  },
  {
    "id": "7e1de1ed-af1a-4458-bc92-683e9783dd4a",
    "data": [
      {
        "text": "놀아줘",
        "userDefined": false
      }
    ],
    "isTemplate": false,
    "count": 0,
    "lang": "ko",
    "updated": 0
  },
  {
    "id": "40d0057f-9359-47ab-beaa-ab1c1803f410",
    "data": [
      {
        "text": "심심하다..",
        "userDefined": false
      }
    ],
    "isTemplate": false,
    "count": 0,
    "lang": "ko",
    "updated": 0
  },
  {
    "id": "90a78649-a56a-411b-b330-7654964ca062",
    "data": [
      {
        "text": "심심하당",
        "userDefined": false
      }
    ],
    "isTemplate": false,
    "count": 0,
    "lang": "ko",
    "updated": 0
  },
  {
    "id": "207ee839-bf63-4754-ade5-404fe6800bd8",
    "data": [
      {
        "text": "심심해",
        "userDefined": false
      }
    ],
    "isTemplate": false,
    "count": 0,
    "lang": "ko",
    "updated": 0
  }
]