[
  {
    "id": "cc7fa964-f2dc-41f2-9eb7-9a4fa8b60c66",
    "data": [
      {
        "text": "프로젝트",
        "meta": "@class_project",
        "alias": "class_project",
        "userDefined": true
      }
    ],
    "isTemplate": false,
    "count": 0,
    "lang": "ko",
    "updated": 0
  },
  {
    "id": "dc7302e1-6147-4573-a2c0-34dacc742849",
    "data": [
      {
        "text": "5",
        "meta": "@class_detail",
        "alias": "class_detail",
        "userDefined": false
      },
      {
        "text": ".",
        "userDefined": false
      }
    ],
    "isTemplate": false,
    "count": 0,
    "lang": "ko",
    "updated": 0
  },
  {
    "id": "b09ab79c-798e-406e-ad34-766bd8c2f8ac",
    "data": [
      {
        "text": "기타",
        "userDefined": false
      }
    ],
    "isTemplate": false,
    "count": 0,
    "lang": "ko",
    "updated": 0
  },
  {
    "id": "e829c893-6b3a-4ae0-baae-9b8a85135072",
    "data": [
      {
        "text": "5",
        "meta": "@class_detail",
        "alias": "class_detail",
        "userDefined": false
      }
    ],
    "isTemplate": false,
    "count": 0,
    "lang": "ko",
    "updated": 0
  }
]