[
  {
    "id": "54b148cc-c5c1-40af-9238-0150e4a95f12",
    "data": [
      {
        "text": "2",
        "meta": "@sys.number",
        "alias": "number",
        "userDefined": false
      }
    ],
    "isTemplate": false,
    "count": 1,
    "lang": "ko",
    "updated": 0
  },
  {
    "id": "833fc97e-71f8-4a27-9dc9-ea634c8e663c",
    "data": [
      {
        "text": "시간표",
        "userDefined": false
      }
    ],
    "isTemplate": false,
    "count": 0,
    "lang": "ko",
    "updated": 0
  }
]