[
  {
    "id": "c5839977-4a7d-4dc6-b1d8-d57f5f88a03c",
    "data": [
      {
        "text": "6",
        "meta": "@sys.number",
        "alias": "number",
        "userDefined": false
      }
    ],
    "isTemplate": false,
    "count": 0,
    "lang": "ko",
    "updated": 0
  },
  {
    "id": "6cf2d1d7-acb0-4835-90eb-8f137ca1b29c",
    "data": [
      {
        "text": "etc",
        "userDefined": false
      }
    ],
    "isTemplate": false,
    "count": 0,
    "lang": "ko",
    "updated": 0
  }
]