[
  {
    "id": "cd3b294a-0968-40af-a3c9-952cc329994c",
    "data": [
      {
        "text": "5",
        "meta": "@sys.number",
        "alias": "number",
        "userDefined": false
      }
    ],
    "isTemplate": false,
    "count": 0,
    "lang": "ko",
    "updated": 0
  },
  {
    "id": "91e822ae-2125-451e-9246-4c3ce0be0b14",
    "data": [
      {
        "text": "프로젝트",
        "userDefined": false
      }
    ],
    "isTemplate": false,
    "count": 0,
    "lang": "ko",
    "updated": 0
  }
]