[
  {
    "id": "f164607b-a754-4bce-babe-1246550bea07",
    "data": [
      {
        "text": "시간표",
        "meta": "@class_detail",
        "alias": "class_detail",
        "userDefined": false
      },
      {
        "text": " 알려 줘",
        "userDefined": false
      }
    ],
    "isTemplate": false,
    "count": 0,
    "lang": "ko",
    "updated": 0
  },
  {
    "id": "6732bd85-f1ec-4c3e-903d-250f80d68769",
    "data": [
      {
        "text": "2",
        "meta": "@class_detail",
        "alias": "class_detail",
        "userDefined": false
      }
    ],
    "isTemplate": false,
    "count": 0,
    "lang": "ko",
    "updated": 0
  },
  {
    "id": "bc4ab06a-676a-40ca-8649-0a6823b0b0ea",
    "data": [
      {
        "text": "시간표",
        "meta": "@class_detail",
        "alias": "class_detail",
        "userDefined": true
      }
    ],
    "isTemplate": false,
    "count": 1,
    "lang": "ko",
    "updated": 0
  },
  {
    "id": "a89621b0-53d1-4e59-acae-ba45398bc230",
    "data": [
      {
        "text": "시간",
        "meta": "@class_detail",
        "alias": "class_detail",
        "userDefined": true
      }
    ],
    "isTemplate": false,
    "count": 0,
    "lang": "ko",
    "updated": 0
  },
  {
    "id": "8774a52a-5b56-4126-99fa-babd3925f2b4",
    "data": [
      {
        "text": "timetable",
        "meta": "@class_detail",
        "alias": "class_detail",
        "userDefined": false
      }
    ],
    "isTemplate": false,
    "count": 0,
    "lang": "ko",
    "updated": 0
  }
]