[
  {
    "id": "b2f6634d-32da-499b-9710-074f721253fd",
    "data": [
      {
        "text": "졸령",
        "userDefined": false
      }
    ],
    "isTemplate": false,
    "count": 0,
    "lang": "ko",
    "updated": 0
  },
  {
    "id": "46e66ced-2303-454f-af1f-de0afdea2f85",
    "data": [
      {
        "text": "졸리당",
        "userDefined": false
      }
    ],
    "isTemplate": false,
    "count": 0,
    "lang": "ko",
    "updated": 0
  },
  {
    "id": "e3c788c3-b358-49e1-ba61-f4caf3592919",
    "data": [
      {
        "text": "너무 졸리다",
        "userDefined": false
      }
    ],
    "isTemplate": false,
    "count": 0,
    "lang": "ko",
    "updated": 0
  },
  {
    "id": "d76675c5-ad4b-431f-a04e-7f036e1bf98b",
    "data": [
      {
        "text": "졸려",
        "userDefined": false
      }
    ],
    "isTemplate": false,
    "count": 0,
    "lang": "ko",
    "updated": 0
  }
]