[
  {
    "id": "d070cecc-5d07-4dc9-ae36-41604bb5e1fc",
    "data": [
      {
        "text": "언어시각",
        "meta": "@class_title",
        "alias": "class_title",
        "userDefined": false
      }
    ],
    "isTemplate": false,
    "count": 0,
    "lang": "ko",
    "updated": 0
  },
  {
    "id": "0826bd0d-43f7-4352-a893-2b700d8dca67",
    "data": [
      {
        "text": "언어 시각",
        "meta": "@class_title",
        "alias": "class_title",
        "userDefined": false
      }
    ],
    "isTemplate": false,
    "count": 0,
    "lang": "ko",
    "updated": 0
  },
  {
    "id": "2116387e-0c01-4c49-83ac-c0b4e9493f2c",
    "data": [
      {
        "text": "1기",
        "meta": "@class_title",
        "alias": "class_title",
        "userDefined": true
      }
    ],
    "isTemplate": false,
    "count": 0,
    "lang": "ko",
    "updated": 0
  },
  {
    "id": "cd586c34-8c2e-499e-89f7-47a39831d01e",
    "data": [
      {
        "text": "전문가",
        "meta": "@class_title",
        "alias": "class_title",
        "userDefined": false
      },
      {
        "text": " 양성",
        "userDefined": false
      }
    ],
    "isTemplate": false,
    "count": 0,
    "lang": "ko",
    "updated": 0
  },
  {
    "id": "dd55a40d-2f4b-4c07-a124-395c50267206",
    "data": [
      {
        "text": "전문가",
        "meta": "@class_title",
        "alias": "class_title",
        "userDefined": false
      }
    ],
    "isTemplate": false,
    "count": 0,
    "lang": "ko",
    "updated": 0
  },
  {
    "id": "a882e4d0-c9e2-4e16-b8a1-dd561b691d9c",
    "data": [
      {
        "text": "언어",
        "meta": "@class_title",
        "alias": "class_title",
        "userDefined": false
      }
    ],
    "isTemplate": false,
    "count": 1,
    "lang": "ko",
    "updated": 0
  },
  {
    "id": "76849081-3483-44f8-a162-f8c175d7e383",
    "data": [
      {
        "text": "언어-시각",
        "meta": "@class_title",
        "alias": "class_title",
        "userDefined": false
      }
    ],
    "isTemplate": false,
    "count": 0,
    "lang": "ko",
    "updated": 0
  },
  {
    "id": "7d3c1d9f-2479-440b-a5ed-59c323a13df5",
    "data": [
      {
        "text": "2",
        "meta": "@class_title",
        "alias": "class_title",
        "userDefined": false
      }
    ],
    "isTemplate": false,
    "count": 0,
    "lang": "ko",
    "updated": 0
  }
]