[
  {
    "id": "ffee6ca0-95f1-4ef6-b814-ead2bc2195a6",
    "data": [
      {
        "text": "3. 수료기준",
        "meta": "@class_info",
        "alias": "class_info",
        "userDefined": false
      }
    ],
    "isTemplate": false,
    "count": 0,
    "lang": "ko",
    "updated": 0
  },
  {
    "id": "49072743-f13a-4e00-bb4d-9ab71aa7f19c",
    "data": [
      {
        "text": "3",
        "meta": "@class_info",
        "alias": "class_info",
        "userDefined": false
      }
    ],
    "isTemplate": false,
    "count": 0,
    "lang": "ko",
    "updated": 0
  },
  {
    "id": "4e0943e8-a0c7-44a0-af0b-992e69d75896",
    "data": [
      {
        "text": "수료기준",
        "meta": "@class_info",
        "alias": "class_info",
        "userDefined": false
      }
    ],
    "isTemplate": false,
    "count": 0,
    "lang": "ko",
    "updated": 0
  },
  {
    "id": "350fa6c5-8806-4462-97ed-974d1492876a",
    "data": [
      {
        "text": "수료",
        "meta": "@class_info",
        "alias": "class_info",
        "userDefined": false
      }
    ],
    "isTemplate": false,
    "count": 0,
    "lang": "ko",
    "updated": 0
  }
]