[
  {
    "id": "39c1c3dd-07c0-4ad8-a491-055660a87044",
    "data": [
      {
        "text": "1",
        "meta": "@sys.number",
        "alias": "number",
        "userDefined": false
      }
    ],
    "isTemplate": false,
    "count": 0,
    "lang": "ko",
    "updated": 0
  },
  {
    "id": "d2004cd1-1b52-4b09-a1f3-55b65c39ae2d",
    "data": [
      {
        "text": "교재",
        "userDefined": false
      }
    ],
    "isTemplate": false,
    "count": 0,
    "lang": "ko",
    "updated": 0
  },
  {
    "id": "5accd8f7-a68a-441c-9b9e-b19cd4a19972",
    "data": [
      {
        "text": "교재 안내",
        "userDefined": false
      }
    ],
    "isTemplate": false,
    "count": 0,
    "lang": "ko",
    "updated": 0
  }
]