[
  {
    "id": "947a84f9-be2e-4349-9a4d-0eceb54fe684",
    "data": [
      {
        "text": "중도포기",
        "meta": "@class_detail",
        "alias": "class_detail",
        "userDefined": false
      },
      {
        "text": "하면 어떻게 되나요?",
        "userDefined": false
      }
    ],
    "isTemplate": false,
    "count": 0,
    "lang": "ko",
    "updated": 0
  },
  {
    "id": "6c98ff6f-737d-4dc3-bb67-d82fa5eeef83",
    "data": [
      {
        "text": "3",
        "meta": "@class_detail",
        "alias": "class_detail",
        "userDefined": false
      }
    ],
    "isTemplate": false,
    "count": 0,
    "lang": "ko",
    "updated": 0
  },
  {
    "id": "ae61735e-c87e-4f8b-aa41-15c3575b65a7",
    "data": [
      {
        "text": "수료기준",
        "meta": "@class_detail",
        "alias": "class_detail",
        "userDefined": false
      }
    ],
    "isTemplate": false,
    "count": 0,
    "lang": "ko",
    "updated": 0
  },
  {
    "id": "32f663e6-4cdd-445a-b0c3-1a99b503fb95",
    "data": [
      {
        "text": "포기",
        "meta": "@class_detail",
        "alias": "class_detail",
        "userDefined": false
      }
    ],
    "isTemplate": false,
    "count": 0,
    "lang": "ko",
    "updated": 0
  },
  {
    "id": "075b9405-e5c0-4e73-bfca-aa218a09ec3b",
    "data": [
      {
        "text": "중도포기",
        "meta": "@class_detail",
        "alias": "class_detail",
        "userDefined": false
      }
    ],
    "isTemplate": false,
    "count": 0,
    "lang": "ko",
    "updated": 0
  },
  {
    "id": "fc7bfb67-a84e-4941-b4b6-b3c3344cc9f4",
    "data": [
      {
        "text": "수료",
        "meta": "@class_detail",
        "alias": "class_detail",
        "userDefined": false
      }
    ],
    "isTemplate": false,
    "count": 0,
    "lang": "ko",
    "updated": 0
  }
]