[
  {
    "id": "a63db2d9-7ae7-4122-9513-e94b729a1419",
    "data": [
      {
        "text": "출결기준",
        "meta": "@class_detail",
        "alias": "class_detail",
        "userDefined": false
      }
    ],
    "isTemplate": false,
    "count": 0,
    "lang": "ko",
    "updated": 0
  },
  {
    "id": "cc6ac9d5-3527-462c-b187-6fbcdda3fe9f",
    "data": [
      {
        "text": "지각",
        "meta": "@class_detail",
        "alias": "class_detail",
        "userDefined": false
      },
      {
        "text": "의 ",
        "userDefined": false
      },
      {
        "text": "기준",
        "meta": "@sys.ignore",
        "userDefined": false
      },
      {
        "text": "은?",
        "userDefined": false
      }
    ],
    "isTemplate": false,
    "count": 0,
    "lang": "ko",
    "updated": 0
  },
  {
    "id": "355f71d3-b73a-476f-9925-9deb0b5bfa84",
    "data": [
      {
        "text": "몇 번",
        "meta": "@class_detail",
        "alias": "class_detail",
        "userDefined": false
      },
      {
        "text": " 지각하면 ",
        "userDefined": false
      },
      {
        "text": "결석",
        "meta": "@class_detail",
        "alias": "class_detail",
        "userDefined": false
      },
      {
        "text": "이야?",
        "userDefined": false
      }
    ],
    "isTemplate": false,
    "count": 0,
    "lang": "ko",
    "updated": 0
  },
  {
    "id": "0232b3a7-e2da-41b9-93b9-5389c66d1012",
    "data": [
      {
        "text": "출결",
        "meta": "@class_detail",
        "alias": "class_detail",
        "userDefined": true
      }
    ],
    "isTemplate": false,
    "count": 0,
    "lang": "ko",
    "updated": 0
  },
  {
    "id": "f95d1bad-1ca9-4c21-9943-0d5fa77d5f82",
    "data": [
      {
        "text": "빠지면",
        "userDefined": false
      }
    ],
    "isTemplate": false,
    "count": 0,
    "lang": "ko",
    "updated": 0
  },
  {
    "id": "f8058f6f-bf2d-4121-aa7d-d720cb9b1055",
    "data": [
      {
        "text": "몇 번",
        "meta": "@class_detail",
        "alias": "class_detail",
        "userDefined": true
      }
    ],
    "isTemplate": false,
    "count": 0,
    "lang": "ko",
    "updated": 0
  },
  {
    "id": "359e16ee-ab52-4a9d-b2dc-b6cdc103fdbc",
    "data": [
      {
        "text": "몇번",
        "meta": "@class_detail",
        "alias": "class_detail",
        "userDefined": true
      }
    ],
    "isTemplate": false,
    "count": 0,
    "lang": "ko",
    "updated": 0
  },
  {
    "id": "2e922307-b73f-4623-8588-0ae2949dd600",
    "data": [
      {
        "text": "4",
        "meta": "@class_detail",
        "alias": "class_detail",
        "userDefined": false
      }
    ],
    "isTemplate": false,
    "count": 0,
    "lang": "ko",
    "updated": 0
  },
  {
    "id": "98432192-ed33-494b-af6e-1e921c533053",
    "data": [
      {
        "text": "지각",
        "meta": "@class_detail",
        "alias": "class_detail",
        "userDefined": false
      }
    ],
    "isTemplate": false,
    "count": 0,
    "lang": "ko",
    "updated": 0
  },
  {
    "id": "0cd9e171-3f1b-4218-a025-db114c851f08",
    "data": [
      {
        "text": "결석",
        "meta": "@class_detail",
        "alias": "class_detail",
        "userDefined": false
      }
    ],
    "isTemplate": false,
    "count": 0,
    "lang": "ko",
    "updated": 0
  },
  {
    "id": "167fcdfc-5181-447e-870d-9b868d4d9830",
    "data": [
      {
        "text": "출석",
        "meta": "@class_detail",
        "alias": "class_detail",
        "userDefined": false
      }
    ],
    "isTemplate": false,
    "count": 0,
    "lang": "ko",
    "updated": 0
  }
]