[
  {
    "id": "93faf170-b8b1-4a64-b513-7bb55e40af09",
    "data": [
      {
        "text": "시간표",
        "meta": "@class_info",
        "alias": "class_info",
        "userDefined": false
      },
      {
        "text": " 안내",
        "userDefined": false
      }
    ],
    "isTemplate": false,
    "count": 0,
    "lang": "ko",
    "updated": 0
  },
  {
    "id": "04af8af9-1b55-47e8-8b9f-0b2bd950430e",
    "data": [
      {
        "text": "시간",
        "meta": "@class_info",
        "alias": "class_info",
        "userDefined": false
      },
      {
        "text": " 안내",
        "userDefined": false
      }
    ],
    "isTemplate": false,
    "count": 0,
    "lang": "ko",
    "updated": 0
  },
  {
    "id": "76260800-aebf-461e-bb37-29a33185f6d1",
    "data": [
      {
        "text": "2",
        "meta": "@class_info",
        "alias": "class_info",
        "userDefined": true
      },
      {
        "text": " ",
        "userDefined": false
      },
      {
        "text": "시간",
        "meta": "@sys.ignore",
        "userDefined": false
      }
    ],
    "isTemplate": false,
    "count": 0,
    "lang": "ko",
    "updated": 0
  },
  {
    "id": "cd30a5e1-67cc-42ee-ab72-c0dffc2c02f2",
    "data": [
      {
        "text": "2. 시간표",
        "meta": "@class_info",
        "alias": "class_info",
        "userDefined": false
      }
    ],
    "isTemplate": false,
    "count": 0,
    "lang": "ko",
    "updated": 0
  },
  {
    "id": "772ce23f-2e3a-4091-a3dd-a70067a2afa2",
    "data": [
      {
        "text": "2",
        "meta": "@class_info",
        "alias": "class_info",
        "userDefined": false
      }
    ],
    "isTemplate": false,
    "count": 0,
    "lang": "ko",
    "updated": 0
  },
  {
    "id": "cd5dddb6-2403-48b8-be55-cc9a921d0444",
    "data": [
      {
        "text": "시간",
        "meta": "@class_info",
        "alias": "class_info",
        "userDefined": true
      }
    ],
    "isTemplate": false,
    "count": 1,
    "lang": "ko",
    "updated": 0
  },
  {
    "id": "2caf3ea3-7baf-4e81-9af6-eed2685aa985",
    "data": [
      {
        "text": "시간표",
        "meta": "@class_info",
        "alias": "class_info",
        "userDefined": false
      }
    ],
    "isTemplate": false,
    "count": 0,
    "lang": "ko",
    "updated": 0
  }
]