[
  {
    "id": "cfe2b8e4-deae-42fd-b8b6-c7bea9274082",
    "data": [
      {
        "text": "배불러",
        "userDefined": false
      }
    ],
    "isTemplate": false,
    "count": 0,
    "lang": "ko",
    "updated": 0
  },
  {
    "id": "629d444c-f8d4-446b-9d84-911fa0057fc9",
    "data": [
      {
        "text": "배부르당",
        "userDefined": false
      }
    ],
    "isTemplate": false,
    "count": 0,
    "lang": "ko",
    "updated": 0
  },
  {
    "id": "796fb5d4-c1f9-40fb-bd7d-cb9abb0c69fd",
    "data": [
      {
        "text": "배불러어어",
        "userDefined": false
      }
    ],
    "isTemplate": false,
    "count": 0,
    "lang": "ko",
    "updated": 0
  },
  {
    "id": "a7d72162-e60f-49d4-ac1c-8f47579c52c1",
    "data": [
      {
        "text": "배불렁",
        "userDefined": false
      }
    ],
    "isTemplate": false,
    "count": 0,
    "lang": "ko",
    "updated": 0
  },
  {
    "id": "9c33d1cf-5c18-487e-99b5-02d3051c52aa",
    "data": [
      {
        "text": "배부르다",
        "userDefined": false
      }
    ],
    "isTemplate": false,
    "count": 0,
    "lang": "ko",
    "updated": 0
  },
  {
    "id": "5bf3e543-f86c-4871-9342-c303de775b4c",
    "data": [
      {
        "text": "조용해",
        "userDefined": false
      }
    ],
    "isTemplate": false,
    "count": 0,
    "lang": "ko",
    "updated": 0
  },
  {
    "id": "cb6a1f75-0b34-4a63-b5c5-12625ea1c959",
    "data": [
      {
        "text": "조용하다",
        "userDefined": false
      }
    ],
    "isTemplate": false,
    "count": 0,
    "lang": "ko",
    "updated": 0
  },
  {
    "id": "a8e97cf2-9ad4-4fe0-be57-4efb8276b74e",
    "data": [
      {
        "text": "노잼",
        "userDefined": false
      }
    ],
    "isTemplate": false,
    "count": 0,
    "lang": "ko",
    "updated": 0
  },
  {
    "id": "ef8b386f-06e2-4c45-bf46-67ac2920f042",
    "data": [
      {
        "text": "핵노잼",
        "userDefined": false
      }
    ],
    "isTemplate": false,
    "count": 0,
    "lang": "ko",
    "updated": 0
  },
  {
    "id": "d6cd4d83-03a9-4bc8-ada4-ce5601cb6385",
    "data": [
      {
        "text": "재미",
        "meta": "@sys.ignore",
        "userDefined": false
      },
      {
        "text": " 없다",
        "userDefined": false
      }
    ],
    "isTemplate": false,
    "count": 0,
    "lang": "ko",
    "updated": 0
  },
  {
    "id": "4f66c71b-c1c5-4578-b824-d48247c0c644",
    "data": [
      {
        "text": "재미",
        "meta": "@sys.ignore",
        "userDefined": false
      },
      {
        "text": " 없어",
        "userDefined": false
      }
    ],
    "isTemplate": false,
    "count": 1,
    "lang": "ko",
    "updated": 0
  }
]