[
  {
    "id": "517ccbd2-72e5-4ba9-8518-b56e37d654ff",
    "data": [
      {
        "text": "4",
        "meta": "@sys.number",
        "alias": "number",
        "userDefined": false
      }
    ],
    "isTemplate": false,
    "count": 0,
    "lang": "ko",
    "updated": 0
  },
  {
    "id": "e8c711c2-3634-4209-a208-c2900c82f23f",
    "data": [
      {
        "text": "출결",
        "userDefined": false
      }
    ],
    "isTemplate": false,
    "count": 0,
    "lang": "ko",
    "updated": 0
  }
]