[
  {
    "id": "3ba5639f-14b8-4a9b-9313-89e2bd8a02aa",
    "data": [
      {
        "text": "출석",
        "meta": "@class_info",
        "alias": "class_info",
        "userDefined": true
      }
    ],
    "isTemplate": false,
    "count": 0,
    "lang": "ko",
    "updated": 0
  },
  {
    "id": "07385030-ee76-45f6-8c92-2f613fa4f034",
    "data": [
      {
        "text": "4 출결기준",
        "meta": "@class_info",
        "alias": "class_info",
        "userDefined": false
      }
    ],
    "isTemplate": false,
    "count": 0,
    "lang": "ko",
    "updated": 0
  },
  {
    "id": "1f6bdbf7-7ee6-4427-9381-e1b83ec761d9",
    "data": [
      {
        "text": "4. 출결기준",
        "meta": "@class_info",
        "alias": "class_info",
        "userDefined": false
      }
    ],
    "isTemplate": false,
    "count": 0,
    "lang": "ko",
    "updated": 0
  },
  {
    "id": "177ec084-6f3e-4717-b1c0-ebae66463356",
    "data": [
      {
        "text": "출결기준",
        "meta": "@class_info",
        "alias": "class_info",
        "userDefined": false
      }
    ],
    "isTemplate": false,
    "count": 0,
    "lang": "ko",
    "updated": 0
  },
  {
    "id": "40bda51a-4379-4e96-bb48-a8d69b8d151f",
    "data": [
      {
        "text": "출결",
        "meta": "@class_info",
        "alias": "class_info",
        "userDefined": false
      }
    ],
    "isTemplate": false,
    "count": 0,
    "lang": "ko",
    "updated": 0
  },
  {
    "id": "b1591710-e1d3-4db9-a491-b8ffa11e0f79",
    "data": [
      {
        "text": "4",
        "meta": "@class_info",
        "alias": "class_info",
        "userDefined": false
      }
    ],
    "isTemplate": false,
    "count": 0,
    "lang": "ko",
    "updated": 0
  }
]