[
  {
    "id": "65fbb5f8-82cf-49af-8386-5c4044543c67",
    "data": [
      {
        "text": "etc",
        "userDefined": false
      }
    ],
    "isTemplate": false,
    "count": 0,
    "lang": "ko",
    "updated": 0
  },
  {
    "id": "e549bae1-90fa-4946-bf4d-6ccf3ff21a6f",
    "data": [
      {
        "text": "6",
        "meta": "@class_info",
        "alias": "class_info",
        "userDefined": false
      }
    ],
    "isTemplate": false,
    "count": 1,
    "lang": "ko",
    "updated": 0
  }
]