[
  {
    "id": "4a0319a8-a991-4c9a-8143-b2c4232b796d",
    "data": [
      {
        "text": "1.",
        "meta": "@sys.number",
        "alias": "number",
        "userDefined": true
      }
    ],
    "isTemplate": false,
    "count": 0,
    "lang": "ko",
    "updated": 0
  },
  {
    "id": "869e7550-2192-4af7-91e4-0b7b28350ebd",
    "data": [
      {
        "text": "1",
        "meta": "@sys.number",
        "alias": "number",
        "userDefined": true
      }
    ],
    "isTemplate": false,
    "count": 0,
    "lang": "ko",
    "updated": 0
  },
  {
    "id": "12a77528-95ce-4af1-87ab-5a82b8352b3d",
    "data": [
      {
        "text": "클래스 뭐 있어?",
        "userDefined": false
      }
    ],
    "isTemplate": false,
    "count": 0,
    "lang": "ko",
    "updated": 0
  },
  {
    "id": "7d3f4a4c-b157-4b7e-8526-20c5e7dfc580",
    "data": [
      {
        "text": "과정 뭐있어?",
        "userDefined": false
      }
    ],
    "isTemplate": false,
    "count": 0,
    "lang": "ko",
    "updated": 0
  },
  {
    "id": "e13e3fcb-4b53-4929-8f3b-53cf78d4dace",
    "data": [
      {
        "text": "무슨 과정 있니",
        "userDefined": false
      }
    ],
    "isTemplate": false,
    "count": 0,
    "lang": "ko",
    "updated": 0
  },
  {
    "id": "a1145b6c-8b69-45b7-9de9-d29adbf68dda",
    "data": [
      {
        "text": "과정 알려 줘",
        "userDefined": false
      }
    ],
    "isTemplate": false,
    "count": 0,
    "lang": "ko",
    "updated": 0
  }
]