[
  {
    "id": "0ba2b278-fd12-4acf-bfc2-26a080b659a0",
    "data": [
      {
        "text": "cnnn",
        "meta": "@CNN",
        "alias": "CNN",
        "userDefined": true
      }
    ],
    "isTemplate": false,
    "count": 0,
    "lang": "ko",
    "updated": 0
  },
  {
    "id": "f7ba9fde-1847-47e3-ae25-7ba9d9c3c92a",
    "data": [
      {
        "text": "씨앤앤",
        "meta": "@CNN",
        "alias": "CNN",
        "userDefined": true
      },
      {
        "text": "이",
        "meta": "@sys.ignore",
        "userDefined": false
      },
      {
        "text": " 머야?",
        "userDefined": false
      }
    ],
    "isTemplate": false,
    "count": 0,
    "lang": "ko",
    "updated": 0
  },
  {
    "id": "a9115bfe-2b6b-4e30-a65f-1ab5162c11a3",
    "data": [
      {
        "text": "CNN",
        "meta": "@CNN",
        "alias": "CNN",
        "userDefined": true
      },
      {
        "text": "은 무슨 뜻이야?",
        "userDefined": false
      }
    ],
    "isTemplate": false,
    "count": 0,
    "lang": "ko",
    "updated": 0
  },
  {
    "id": "e6a73e99-6db4-4ad3-9ead-a2475770cb32",
    "data": [
      {
        "text": "씨앤앤",
        "meta": "@CNN",
        "alias": "CNN",
        "userDefined": true
      }
    ],
    "isTemplate": false,
    "count": 0,
    "lang": "ko",
    "updated": 0
  },
  {
    "id": "112dd33b-9cea-4089-a795-7de104b4f69c",
    "data": [
      {
        "text": "씨엔엔",
        "meta": "@CNN",
        "alias": "CNN",
        "userDefined": true
      }
    ],
    "isTemplate": false,
    "count": 0,
    "lang": "ko",
    "updated": 0
  },
  {
    "id": "45e1ce64-3427-43ac-b2e9-85e1b124fee2",
    "data": [
      {
        "text": "cnn",
        "meta": "@CNN",
        "alias": "CNN",
        "userDefined": true
      }
    ],
    "isTemplate": false,
    "count": 0,
    "lang": "ko",
    "updated": 0
  },
  {
    "id": "7b05e7bf-2ea8-4e79-89d5-00d823ebdb6f",
    "data": [
      {
        "text": "CNN",
        "meta": "@CNN",
        "alias": "CNN",
        "userDefined": true
      },
      {
        "text": "이",
        "meta": "@sys.ignore",
        "userDefined": false
      },
      {
        "text": " 뭐야?",
        "userDefined": false
      }
    ],
    "isTemplate": false,
    "count": 0,
    "lang": "ko",
    "updated": 0
  }
]