[
  {
    "id": "8174fec0-a81f-4b0c-b14a-b3a0cd88c189",
    "data": [
      {
        "text": "7",
        "meta": "@sys.ignore",
        "userDefined": false
      },
      {
        "text": ".",
        "userDefined": false
      }
    ],
    "isTemplate": false,
    "count": 0,
    "lang": "ko",
    "updated": 0
  },
  {
    "id": "8833d2d0-3fd4-45d3-913c-d9e3ff3f3f50",
    "data": [
      {
        "text": "7",
        "meta": "@sys.ignore",
        "userDefined": false
      }
    ],
    "isTemplate": false,
    "count": 0,
    "lang": "ko",
    "updated": 0
  },
  {
    "id": "b34cde17-9d4b-4c85-9218-6e32e04266d0",
    "data": [
      {
        "text": "6",
        "meta": "@sys.ignore",
        "userDefined": false
      },
      {
        "text": ".",
        "userDefined": false
      }
    ],
    "isTemplate": false,
    "count": 0,
    "lang": "ko",
    "updated": 0
  },
  {
    "id": "31584c8e-d109-4081-b076-a9b4b7699b77",
    "data": [
      {
        "text": "6",
        "meta": "@sys.ignore",
        "userDefined": false
      }
    ],
    "isTemplate": false,
    "count": 0,
    "lang": "ko",
    "updated": 0
  },
  {
    "id": "11c1c4b6-accd-4be4-8c7e-095f123f043b",
    "data": [
      {
        "text": "처음",
        "meta": "@sys.ignore",
        "userDefined": false
      },
      {
        "text": "으로",
        "userDefined": false
      }
    ],
    "isTemplate": false,
    "count": 0,
    "lang": "ko",
    "updated": 0
  },
  {
    "id": "f6e83d15-8fc1-4790-b6b7-dab9b7ffd27a",
    "data": [
      {
        "text": "처음",
        "meta": "@sys.ignore",
        "userDefined": false
      }
    ],
    "isTemplate": false,
    "count": 0,
    "lang": "ko",
    "updated": 0
  },
  {
    "id": "50e783a3-e3e4-4551-8ee3-dcc44f433861",
    "data": [
      {
        "text": "무엇을 할 ",
        "userDefined": false
      },
      {
        "text": "수",
        "meta": "@sys.ignore",
        "userDefined": false
      },
      {
        "text": " 있어?",
        "userDefined": false
      }
    ],
    "isTemplate": false,
    "count": 0,
    "lang": "ko",
    "updated": 0
  },
  {
    "id": "95f5e704-b281-4fbf-bb90-cc53974f7d7a",
    "data": [
      {
        "text": "너는 뭐니?",
        "userDefined": false
      }
    ],
    "isTemplate": false,
    "count": 0,
    "lang": "ko",
    "updated": 0
  },
  {
    "id": "c4cbd86b-e1dc-4d8e-8a0b-8bb973e699c9",
    "data": [
      {
        "text": "시작",
        "userDefined": false
      }
    ],
    "isTemplate": false,
    "count": 0,
    "lang": "ko",
    "updated": 0
  },
  {
    "id": "e58c5eee-cb36-41e5-acc6-becc739e6f96",
    "data": [
      {
        "text": "하이",
        "userDefined": false
      }
    ],
    "isTemplate": false,
    "count": 0,
    "lang": "ko",
    "updated": 0
  },
  {
    "id": "ce45af2c-7019-454b-8584-0bf7587aacf6",
    "data": [
      {
        "text": "오랜만이야",
        "userDefined": false
      }
    ],
    "isTemplate": false,
    "count": 0,
    "lang": "ko",
    "updated": 0
  },
  {
    "id": "86cdd79a-5bf2-4844-86aa-fdcdb2b8b73e",
    "data": [
      {
        "text": "안녕",
        "userDefined": false
      }
    ],
    "isTemplate": false,
    "count": 0,
    "lang": "ko",
    "updated": 0
  },
  {
    "id": "17f4b8d2-1b06-4137-b4ea-a15feb596cee",
    "data": [
      {
        "text": "저기",
        "userDefined": false
      }
    ],
    "isTemplate": false,
    "count": 0,
    "lang": "ko",
    "updated": 0
  },
  {
    "id": "e9f70e95-5420-4c3e-a11a-00026982e9cb",
    "data": [
      {
        "text": "잘 있었어",
        "userDefined": false
      }
    ],
    "isTemplate": false,
    "count": 0,
    "lang": "ko",
    "updated": 0
  },
  {
    "id": "8fce39c9-1431-481f-ab83-d2bc1bd37142",
    "data": [
      {
        "text": "반가워",
        "userDefined": false
      }
    ],
    "isTemplate": false,
    "count": 0,
    "lang": "ko",
    "updated": 0
  },
  {
    "id": "9c6dfbdb-901c-4c02-ada2-78fa03057dbe",
    "data": [
      {
        "text": "오랜만",
        "userDefined": false
      }
    ],
    "isTemplate": false,
    "count": 0,
    "lang": "ko",
    "updated": 0
  },
  {
    "id": "5b2150a2-a631-432d-afe8-d426851ae482",
    "data": [
      {
        "text": "어떻게 지냈어",
        "userDefined": false
      }
    ],
    "isTemplate": false,
    "count": 0,
    "lang": "ko",
    "updated": 0
  },
  {
    "id": "e03dfa0c-7fe4-4fed-b259-463f6fca611b",
    "data": [
      {
        "text": "잘 지냈니",
        "userDefined": false
      }
    ],
    "isTemplate": false,
    "count": 0,
    "lang": "ko",
    "updated": 0
  },
  {
    "id": "bf2a85cf-78e6-4eb6-baf0-c621f4724926",
    "data": [
      {
        "text": "오늘 어때",
        "userDefined": false
      }
    ],
    "isTemplate": false,
    "count": 0,
    "lang": "ko",
    "updated": 0
  }
]