[
  {
    "id": "46f536f4-69b7-48f8-b62b-566a61b99771",
    "data": [
      {
        "text": "취준생",
        "meta": "@sys.ignore",
        "userDefined": false
      }
    ],
    "isTemplate": false,
    "count": 0,
    "lang": "ko",
    "updated": 0
  },
  {
    "id": "7253432b-7f62-498e-bca7-0e471a83d6a9",
    "data": [
      {
        "text": "취업",
        "userDefined": false
      }
    ],
    "isTemplate": false,
    "count": 0,
    "lang": "ko",
    "updated": 0
  },
  {
    "id": "350c4964-4d0f-4b84-8699-2dbf702b6045",
    "data": [
      {
        "text": "취뽀",
        "userDefined": false
      }
    ],
    "isTemplate": false,
    "count": 0,
    "lang": "ko",
    "updated": 0
  },
  {
    "id": "440173f6-c274-48ba-8051-26d8d94bd1b6",
    "data": [
      {
        "text": "취뽀하고 싶다",
        "userDefined": false
      }
    ],
    "isTemplate": false,
    "count": 0,
    "lang": "ko",
    "updated": 0
  },
  {
    "id": "47e576b3-51fe-484a-85e9-5b659e01cad7",
    "data": [
      {
        "text": "나 ",
        "userDefined": false
      },
      {
        "text": "올해",
        "meta": "@sys.ignore",
        "userDefined": false
      },
      {
        "text": " 취직할 ",
        "userDefined": false
      },
      {
        "text": "수",
        "meta": "@sys.ignore",
        "userDefined": false
      },
      {
        "text": " 있을까?",
        "userDefined": false
      }
    ],
    "isTemplate": false,
    "count": 0,
    "lang": "ko",
    "updated": 0
  },
  {
    "id": "073a6372-b6c2-4e44-9dac-7994bbb0e57c",
    "data": [
      {
        "text": "취업 할 ",
        "userDefined": false
      },
      {
        "text": "수",
        "meta": "@sys.ignore",
        "userDefined": false
      },
      {
        "text": " 있나요",
        "userDefined": false
      }
    ],
    "isTemplate": false,
    "count": 0,
    "lang": "ko",
    "updated": 0
  }
]