[
  {
    "id": "7190f4d5-648b-48eb-9a08-d8648a9493e5",
    "data": [
      {
        "text": "cdp가 뭐야?",
        "userDefined": false
      }
    ],
    "isTemplate": false,
    "count": 0,
    "lang": "ko",
    "updated": 0
  },
  {
    "id": "32a1186f-c0fc-421f-8d82-d9f649df05a5",
    "data": [
      {
        "text": "cdp면담",
        "userDefined": false
      },
      {
        "text": "이",
        "meta": "@sys.ignore",
        "userDefined": false
      },
      {
        "text": " 뭐야?",
        "userDefined": false
      }
    ],
    "isTemplate": false,
    "count": 0,
    "lang": "ko",
    "updated": 0
  },
  {
    "id": "0de2b566-a6c3-4903-be0a-9ab726108175",
    "data": [
      {
        "text": "CDP",
        "meta": "@sys.ignore",
        "userDefined": false
      },
      {
        "text": " 면담",
        "userDefined": false
      },
      {
        "text": "이",
        "meta": "@sys.ignore",
        "userDefined": false
      },
      {
        "text": " 뭔지 알려줘",
        "userDefined": false
      }
    ],
    "isTemplate": false,
    "count": 0,
    "lang": "ko",
    "updated": 0
  }
]