[
  {
    "id": "41dc10c8-081a-421a-9a63-fb0aba73d7da",
    "data": [
      {
        "text": "정보처리기사",
        "meta": "@eip",
        "alias": "eip",
        "userDefined": false
      },
      {
        "text": "가 뭐야?",
        "userDefined": false
      }
    ],
    "isTemplate": false,
    "count": 0,
    "lang": "ko",
    "updated": 0
  },
  {
    "id": "a67b11f9-2d6b-4522-bc4c-788e532f0114",
    "data": [
      {
        "text": "정보처리기사",
        "meta": "@eip",
        "alias": "eip",
        "userDefined": false
      },
      {
        "text": " 알려줘",
        "userDefined": false
      }
    ],
    "isTemplate": false,
    "count": 0,
    "lang": "ko",
    "updated": 0
  },
  {
    "id": "7ec8f049-26bc-4fce-afb4-689da32fc0f6",
    "data": [
      {
        "text": "정보처리기사",
        "meta": "@eip",
        "alias": "eip",
        "userDefined": false
      }
    ],
    "isTemplate": false,
    "count": 0,
    "lang": "ko",
    "updated": 0
  },
  {
    "id": "d917ef0f-3010-4fee-9907-0b056b9c5df9",
    "data": [
      {
        "text": "정처기",
        "meta": "@eip",
        "alias": "eip",
        "userDefined": false
      },
      {
        "text": "?",
        "userDefined": false
      }
    ],
    "isTemplate": false,
    "count": 0,
    "lang": "ko",
    "updated": 0
  },
  {
    "id": "709fcbf6-cc9a-4de1-b012-b403eb4607e3",
    "data": [
      {
        "text": "정보처리기사",
        "meta": "@eip",
        "alias": "eip",
        "userDefined": false
      },
      {
        "text": "?",
        "userDefined": false
      }
    ],
    "isTemplate": false,
    "count": 1,
    "lang": "ko",
    "updated": 0
  }
]