[
  {
    "id": "3521dff2-8a93-4afe-9f45-ed1681027916",
    "data": [
      {
        "text": "자격증 추천해줘",
        "userDefined": false
      }
    ],
    "isTemplate": false,
    "count": 0,
    "lang": "ko",
    "updated": 0
  },
  {
    "id": "c2d2ed27-0f54-4a69-92bb-c782e5b3ce56",
    "data": [
      {
        "text": "자격증",
        "userDefined": false
      }
    ],
    "isTemplate": false,
    "count": 0,
    "lang": "ko",
    "updated": 0
  },
  {
    "id": "892a3433-3c22-45b6-9274-64a9299b17cd",
    "data": [
      {
        "text": "도움되는 자격증 뭐가 있을까?",
        "userDefined": false
      }
    ],
    "isTemplate": false,
    "count": 0,
    "lang": "ko",
    "updated": 0
  },
  {
    "id": "b19df2cf-1b5f-4a6c-bc02-7a445e5475bf",
    "data": [
      {
        "text": "IT ",
        "userDefined": false
      },
      {
        "text": "관련",
        "meta": "@sys.person",
        "alias": "person",
        "userDefined": false
      },
      {
        "text": " 자격증 뭐가 있어?",
        "userDefined": false
      }
    ],
    "isTemplate": false,
    "count": 0,
    "lang": "ko",
    "updated": 0
  }
]