[
  {
    "id": "79a86744-8cc5-47d6-b0ce-9a44aec889ce",
    "data": [
      {
        "text": "cdp 면담 하고싶어",
        "userDefined": false
      }
    ],
    "isTemplate": false,
    "count": 0,
    "lang": "ko",
    "updated": 0
  },
  {
    "id": "c1194187-6ca6-4b30-9513-424b50adcf08",
    "data": [
      {
        "text": "cdp",
        "meta": "@sys.ignore",
        "userDefined": false
      },
      {
        "text": " 면담 ",
        "userDefined": false
      },
      {
        "text": "일정",
        "meta": "@sys.ignore",
        "userDefined": false
      },
      {
        "text": " 어떻게 잡아?",
        "userDefined": false
      }
    ],
    "isTemplate": false,
    "count": 0,
    "lang": "ko",
    "updated": 0
  },
  {
    "id": "c56fbdef-64a7-4453-9cc0-8c4fba6c20c7",
    "data": [
      {
        "text": "CDP",
        "meta": "@sys.ignore",
        "userDefined": false
      },
      {
        "text": " 면담 ",
        "userDefined": false
      },
      {
        "text": "일정",
        "meta": "@sys.ignore",
        "userDefined": false
      },
      {
        "text": " 알려줘",
        "userDefined": false
      }
    ],
    "isTemplate": false,
    "count": 0,
    "lang": "ko",
    "updated": 0
  },
  {
    "id": "21d71d8f-a596-44c3-9f2f-b57220c361f5",
    "data": [
      {
        "text": "CDP면담 언제 할 ",
        "userDefined": false
      },
      {
        "text": "수",
        "meta": "@sys.ignore",
        "userDefined": false
      },
      {
        "text": " 있어?",
        "userDefined": false
      }
    ],
    "isTemplate": false,
    "count": 0,
    "lang": "ko",
    "updated": 0
  }
]