[
  {
    "id": "e48965f3-ccbc-44b4-b4b7-a7bb12103e1a",
    "data": [
      {
        "text": "TOPCIT",
        "meta": "@TOPCIT",
        "alias": "TOPCIT",
        "userDefined": false
      }
    ],
    "isTemplate": false,
    "count": 0,
    "lang": "ko",
    "updated": 0
  },
  {
    "id": "e804cbc6-0850-4e8a-92b9-a8dfa63bda50",
    "data": [
      {
        "text": "TOPCIT",
        "meta": "@TOPCIT",
        "alias": "TOPCIT",
        "userDefined": false
      },
      {
        "text": "이",
        "meta": "@sys.ignore",
        "userDefined": false
      },
      {
        "text": " 뭐지?",
        "userDefined": false
      }
    ],
    "isTemplate": false,
    "count": 0,
    "lang": "ko",
    "updated": 0
  },
  {
    "id": "9fcc687b-8b86-4c3b-b750-217349adc252",
    "data": [
      {
        "text": "TOPCIT",
        "meta": "@TOPCIT",
        "alias": "TOPCIT",
        "userDefined": false
      },
      {
        "text": " 알려줘",
        "userDefined": false
      }
    ],
    "isTemplate": false,
    "count": 0,
    "lang": "ko",
    "updated": 0
  },
  {
    "id": "08914c35-c1c0-4487-b626-05923e7a2a52",
    "data": [
      {
        "text": "TOPCIT",
        "meta": "@TOPCIT",
        "alias": "TOPCIT",
        "userDefined": false
      },
      {
        "text": "?",
        "userDefined": false
      }
    ],
    "isTemplate": false,
    "count": 0,
    "lang": "ko",
    "updated": 0
  },
  {
    "id": "4e01b8cc-5ea3-4ee7-9737-112c5daba6ed",
    "data": [
      {
        "text": "TOPCIT",
        "meta": "@TOPCIT",
        "alias": "TOPCIT",
        "userDefined": false
      },
      {
        "text": "이",
        "meta": "@sys.ignore",
        "userDefined": false
      },
      {
        "text": " 뭐야?",
        "userDefined": false
      }
    ],
    "isTemplate": false,
    "count": 0,
    "lang": "ko",
    "updated": 0
  }
]