[
  {
    "id": "f068a334-264e-4c5b-9829-55351e5ce5d3",
    "data": [
      {
        "text": "피곤해",
        "userDefined": false
      }
    ],
    "isTemplate": false,
    "count": 0,
    "lang": "ko",
    "updated": 0
  },
  {
    "id": "6a1426e8-f84e-4899-8692-1de4ee9aa202",
    "data": [
      {
        "text": "피곤하다",
        "userDefined": false
      }
    ],
    "isTemplate": false,
    "count": 0,
    "lang": "ko",
    "updated": 0
  },
  {
    "id": "640f1fc7-11f2-4e25-bf60-9f7dd91afad6",
    "data": [
      {
        "text": "힘들다",
        "userDefined": false
      }
    ],
    "isTemplate": false,
    "count": 0,
    "lang": "ko",
    "updated": 0
  },
  {
    "id": "01a052d2-1bab-42c6-8fa1-3680ae3d8130",
    "data": [
      {
        "text": "수업 너무 어려워",
        "userDefined": false
      }
    ],
    "isTemplate": false,
    "count": 0,
    "lang": "ko",
    "updated": 0
  },
  {
    "id": "8d2a4374-5bf2-41f1-90e8-cd90d532943e",
    "data": [
      {
        "text": "너무 힘들어",
        "userDefined": false
      }
    ],
    "isTemplate": false,
    "count": 0,
    "lang": "ko",
    "updated": 0
  },
  {
    "id": "24ccc393-8997-4246-a99d-44bf0295fcb4",
    "data": [
      {
        "text": "수업따라가기 힘들어요ㅠㅠ 누구한테 면담요청 해야하나요?",
        "userDefined": false
      }
    ],
    "isTemplate": false,
    "count": 0,
    "lang": "ko",
    "updated": 0
  }
]