[
  {
    "id": "0b50000c-152b-491e-af33-26d37179fcdb",
    "data": [
      {
        "text": "식권은 어디에서 받아?",
        "userDefined": false
      }
    ],
    "isTemplate": false,
    "count": 0,
    "lang": "ko",
    "updated": 0
  },
  {
    "id": "0b50000c-152b-491e-af33-26d37179fcdb",
    "data": [
      {
        "text": "식권 쓸 수 있는 음식점 알려줘",
        "userDefined": false
      }
    ],
    "isTemplate": false,
    "count": 0,
    "lang": "ko",
    "updated": 0
  },
  {
    "id": "0b50000c-152b-491e-af33-26d37179fcdb",
    "data": [
      {
        "text": "식권 어디에 써?",
        "userDefined": false
      }
    ],
    "isTemplate": false,
    "count": 0,
    "lang": "ko",
    "updated": 0
  },
  {
    "id": "0b50000c-152b-491e-af33-26d37179fcdb",
    "data": [
      {
        "text": "식권",
        "userDefined": false
      }
    ],
    "isTemplate": false,
    "count": 0,
    "lang": "ko",
    "updated": 0
  }
]