[
  {
    "id": "0b50000c-152b-491e-af33-26d37179fcdb",
    "data": [
      {
        "text": "사물함 비밀번호 까먹었어.",
        "userDefined": false
      }
    ],
    "isTemplate": false,
    "count": 0,
    "lang": "ko",
    "updated": 0
  },
  {
    "id": "0b50000c-152b-491e-af33-26d37179fcdb",
    "data": [
      {
        "text": "사물함 사용법 알려줘",
        "userDefined": false
      }
    ],
    "isTemplate": false,
    "count": 0,
    "lang": "ko",
    "updated": 0
  },
  {
    "id": "0b50000c-152b-491e-af33-26d37179fcdb",
    "data": [
      {
        "text": "사물함 비밀번호 생각안나. ",
        "userDefined": false
      }
    ],
    "isTemplate": false,
    "count": 0,
    "lang": "ko",
    "updated": 0
  },
  {
    "id": "0b50000c-152b-491e-af33-26d37179fcdb",
    "data": [
      {
        "text": "사물함",
        "userDefined": false
      }
    ],
    "isTemplate": false,
    "count": 0,
    "lang": "ko",
    "updated": 0
  },
  {
    "id": "0b50000c-152b-491e-af33-26d37179fcdb",
    "data": [
      {
        "text": "사물함 사용법",
        "userDefined": false
      }
    ],
    "isTemplate": false,
    "count": 0,
    "lang": "ko",
    "updated": 0
  },
  {
    "id": "0b50000c-152b-491e-af33-26d37179fcdb",
    "data": [
      {
        "text": "사물함 비밀번호",
        "userDefined": false
      }
    ],
    "isTemplate": false,
    "count": 0,
    "lang": "ko",
    "updated": 0
  }
]