[
  {
    "id": "0b50000c-152b-491e-af33-26d37179fcdb",
    "data": [
      {
        "text": "노트북 어디로 반납해?",
        "userDefined": false
      }
    ],
    "isTemplate": false,
    "count": 0,
    "lang": "ko",
    "updated": 0
  },
  {
    "id": "0b50000c-152b-491e-af33-26d37179fcdb",
    "data": [
      {
        "text": "노트북 반납 언제해?",
        "userDefined": false
      }
    ],
    "isTemplate": false,
    "count": 0,
    "lang": "ko",
    "updated": 0
  },
  {
    "id": "0b50000c-152b-491e-af33-26d37179fcdb",
    "data": [
      {
        "text": "노트북 언제 반납해야돼?",
        "userDefined": false
      }
    ],
    "isTemplate": false,
    "count": 0,
    "lang": "ko",
    "updated": 0
  },
  {
    "id": "0b50000c-152b-491e-af33-26d37179fcdb",
    "data": [
      {
        "text": "노트북 반납",
        "userDefined": false
      }
    ],
    "isTemplate": false,
    "count": 0,
    "lang": "ko",
    "updated": 0
  }
]