[
  {
    "id": "0b50000c-152b-491e-af33-26d37179fcdb",
    "data": [
      {
        "text": "주차 지원 해주니?",
        "userDefined": false
      }
    ],
    "isTemplate": false,
    "count": 0,
    "lang": "ko",
    "updated": 0
  },
  {
    "id": "0b50000c-152b-491e-af33-26d37179fcdb",
    "data": [
      {
        "text": "주차 가능해?",
        "userDefined": false
      }
    ],
    "isTemplate": false,
    "count": 0,
    "lang": "ko",
    "updated": 0
  },
  {
    "id": "0b50000c-152b-491e-af33-26d37179fcdb",
    "data": [
      {
        "text": "주차 할 수 있어?",
        "userDefined": false
      }
    ],
    "isTemplate": false,
    "count": 0,
    "lang": "ko",
    "updated": 0
  },
  {
    "id": "0b50000c-152b-491e-af33-26d37179fcdb",
    "data": [
      {
        "text": "파킹 가능해?",
        "userDefined": false
      }
    ],
    "isTemplate": false,
    "count": 0,
    "lang": "ko",
    "updated": 0
  }
]