[
  {
    "id": "e569a93b-f507-4ce2-b4cf-077c0b9622b8",
    "data": [
      {
        "text": "담당자 연락처",
        "userDefined": false
      }
    ],
    "isTemplate": false,
    "count": 0,
    "lang": "ko",
    "updated": 0
  },
  {
    "id": "0b50000c-152b-491e-af33-26d37179fcdb",
    "data": [
      {
        "text": "전화번호가 어떻게 되나요?",
        "userDefined": false
      }
    ],
    "isTemplate": false,
    "count": 0,
    "lang": "ko",
    "updated": 0
  },
  {
    "id": "0b50000c-152b-491e-af33-26d37179fcdb",
    "data": [
      {
        "text": "전화번호",
        "userDefined": false
      }
    ],
    "isTemplate": false,
    "count": 0,
    "lang": "ko",
    "updated": 0
  },
  {
    "id": "0b50000c-152b-491e-af33-26d37179fcdb",
    "data": [
      {
        "text": "아이리포 번호 알려줘",
        "userDefined": false
      }
    ],
    "isTemplate": false,
    "count": 0,
    "lang": "ko",
    "updated": 0
  },
  {
    "id": "0b50000c-152b-491e-af33-26d37179fcdb",
    "data": [
      {
        "text": "번호 알려줘",
        "userDefined": false
      }
    ],
    "isTemplate": false,
    "count": 0,
    "lang": "ko",
    "updated": 0
  }
]