[
  {
    "id": "43e74c6f-981c-4a96-93ac-972af3fd2691",
    "data": [
      {
        "text": "2",
        "meta": "@sys.ignore",
        "userDefined": false
      },
      {
        "text": ".",
        "userDefined": false
      }
    ],
    "isTemplate": false,
    "count": 1,
    "lang": "ko",
    "updated": 0
  },
  {
    "id": "035911cb-b11d-4c44-844d-862fe74f8d8f",
    "data": [
      {
        "text": "시설",
        "meta": "@sys.ignore",
        "userDefined": false
      }
    ],
    "isTemplate": false,
    "count": 0,
    "lang": "ko",
    "updated": 0
  },
  {
    "id": "d5aa82dc-21f3-4c5b-9561-499a435357bb",
    "data": [
      {
        "text": "시설",
        "meta": "@sys.ignore",
        "userDefined": false
      },
      {
        "text": "운영",
        "meta": "@sys.ignore",
        "userDefined": false
      }
    ],
    "isTemplate": false,
    "count": 0,
    "lang": "ko",
    "updated": 0
  },
  {
    "id": "baf9e55c-01c9-4053-830a-d3e8163cfc7f",
    "data": [
      {
        "text": "2",
        "meta": "@sys.ignore",
        "userDefined": false
      }
    ],
    "isTemplate": false,
    "count": 0,
    "lang": "ko",
    "updated": 0
  }
]