[
  {
    "id": "b10fa2b8-b86e-4749-ab44-ac7d68846950",
    "data": [
      {
        "text": "transformer",
        "meta": "@term_languagemodel",
        "alias": "term_languagemodel",
        "userDefined": false
      },
      {
        "text": "가 뭐야?",
        "userDefined": false
      }
    ],
    "isTemplate": false,
    "count": 0,
    "lang": "ko",
    "updated": 0
  },
  {
    "id": "6478778c-023b-4f8b-a483-85af77d1ef2f",
    "data": [
      {
        "text": "attention",
        "meta": "@term_languagemodel",
        "alias": "term_languagemodel",
        "userDefined": false
      },
      {
        "text": "이",
        "meta": "@sys.ignore",
        "userDefined": false
      },
      {
        "text": " 뭐야?",
        "userDefined": false
      }
    ],
    "isTemplate": false,
    "count": 0,
    "lang": "ko",
    "updated": 0
  },
  {
    "id": "1224fb2f-9cf7-42eb-a138-3c36817ace52",
    "data": [
      {
        "text": "seq2seq",
        "meta": "@term_languagemodel",
        "alias": "term_languagemodel",
        "userDefined": false
      },
      {
        "text": "가 뭐야?",
        "userDefined": false
      }
    ],
    "isTemplate": false,
    "count": 0,
    "lang": "ko",
    "updated": 0
  }
]