[
  {
    "id": "4cb6e05f-97db-43f0-970b-aabdfcc6e963",
    "data": [
      {
        "text": "NLP",
        "meta": "@it_term_basic",
        "alias": "it_term_basic",
        "userDefined": true
      }
    ],
    "isTemplate": false,
    "count": 0,
    "lang": "ko",
    "updated": 0
  },
  {
    "id": "b1c8aabf-5a76-40b6-9fd0-9d580face422",
    "data": [
      {
        "text": "NLP",
        "meta": "@it_term_basic",
        "alias": "it_term_basic",
        "userDefined": true
      },
      {
        "text": "가 뭐야?",
        "userDefined": false
      }
    ],
    "isTemplate": false,
    "count": 0,
    "lang": "ko",
    "updated": 0
  },
  {
    "id": "d06d9566-cf59-484d-97dc-40aa8b2fa838",
    "data": [
      {
        "text": "API",
        "meta": "@it_term_basic",
        "alias": "it_term_basic",
        "userDefined": true
      }
    ],
    "isTemplate": false,
    "count": 0,
    "lang": "ko",
    "updated": 0
  },
  {
    "id": "a3ead834-f9a3-4126-92ee-900e4dfb483b",
    "data": [
      {
        "text": "API",
        "meta": "@it_term_basic",
        "alias": "it_term_basic",
        "userDefined": true
      },
      {
        "text": "는 뭐야?",
        "userDefined": false
      }
    ],
    "isTemplate": false,
    "count": 0,
    "lang": "ko",
    "updated": 0
  },
  {
    "id": "7acebd5b-c2a0-4e56-8898-20ddbfdc106d",
    "data": [
      {
        "text": "API",
        "meta": "@it_term_basic",
        "alias": "it_term_basic",
        "userDefined": true
      },
      {
        "text": "가 뭐야?",
        "userDefined": false
      }
    ],
    "isTemplate": false,
    "count": 0,
    "lang": "ko",
    "updated": 0
  }
]