[
  {
    "id": "6bdaeb32-7715-4643-b265-09ebb67d9909",
    "data": [
      {
        "text": "코딩",
        "meta": "@it_info_tips_coding",
        "alias": "it_info_tips_coding",
        "userDefined": false
      },
      {
        "text": " 잘하고싶어",
        "userDefined": false
      }
    ],
    "isTemplate": false,
    "count": 0,
    "lang": "ko",
    "updated": 0
  },
  {
    "id": "745c6ae6-40fc-43e2-9d51-e7fba82253f6",
    "data": [
      {
        "text": "코딩",
        "meta": "@it_info_tips_coding",
        "alias": "it_info_tips_coding",
        "userDefined": false
      },
      {
        "text": " 어려워",
        "userDefined": false
      }
    ],
    "isTemplate": false,
    "count": 0,
    "lang": "ko",
    "updated": 0
  },
  {
    "id": "c68b15c6-984c-43ec-a77d-cabf6049337b",
    "data": [
      {
        "text": "코딩",
        "meta": "@it_info_tips_coding",
        "alias": "it_info_tips_coding",
        "userDefined": false
      },
      {
        "text": "너무 어려워",
        "userDefined": false
      }
    ],
    "isTemplate": false,
    "count": 0,
    "lang": "ko",
    "updated": 0
  },
  {
    "id": "87719b6a-e2f1-41ab-ba11-447dcd1ddfdd",
    "data": [
      {
        "text": "어떻게하면 ",
        "userDefined": false
      },
      {
        "text": "코딩",
        "meta": "@it_info_tips_coding",
        "alias": "it_info_tips_coding",
        "userDefined": false
      },
      {
        "text": "을 잘 할까?",
        "userDefined": false
      }
    ],
    "isTemplate": false,
    "count": 0,
    "lang": "ko",
    "updated": 0
  },
  {
    "id": "8ea57771-e273-448f-8159-dd0c07ce89bf",
    "data": [
      {
        "text": "코딩",
        "meta": "@it_info_tips_coding",
        "alias": "it_info_tips_coding",
        "userDefined": false
      },
      {
        "text": "을 잘하는 법 알려줘",
        "userDefined": false
      }
    ],
    "isTemplate": false,
    "count": 0,
    "lang": "ko",
    "updated": 0
  },
  {
    "id": "a3b79a3e-4429-49a4-aec0-5fac0a7e0719",
    "data": [
      {
        "text": "코딩",
        "meta": "@it_info_tips_coding",
        "alias": "it_info_tips_coding",
        "userDefined": false
      }
    ],
    "isTemplate": false,
    "count": 0,
    "lang": "ko",
    "updated": 0
  }
]