[
  {
    "id": "c008a9ba-03c7-46c8-ba48-59b7d330b7ae",
    "data": [
      {
        "text": "비전공자",
        "meta": "@it_info_tips_newin",
        "alias": "it_info_tips_newin",
        "userDefined": false
      },
      {
        "text": " 꿀팁좀",
        "userDefined": false
      }
    ],
    "isTemplate": false,
    "count": 0,
    "lang": "ko",
    "updated": 0
  },
  {
    "id": "885b30f6-1564-4904-a849-2cb77e188562",
    "data": [
      {
        "text": "비전공자",
        "meta": "@it_info_tips_newin",
        "alias": "it_info_tips_newin",
        "userDefined": true
      },
      {
        "text": " 학습",
        "userDefined": false
      }
    ],
    "isTemplate": false,
    "count": 0,
    "lang": "ko",
    "updated": 0
  },
  {
    "id": "fa1ff32f-07cc-49c4-a053-6a67e426710c",
    "data": [
      {
        "text": "비전공 학습",
        "meta": "@it_info_tips_newin",
        "alias": "it_info_tips_newin",
        "userDefined": true
      }
    ],
    "isTemplate": false,
    "count": 0,
    "lang": "ko",
    "updated": 0
  },
  {
    "id": "3f749641-8fc7-4a53-8c26-9f328a635991",
    "data": [
      {
        "text": "초보자",
        "meta": "@it_info_tips_newin",
        "alias": "it_info_tips_newin",
        "userDefined": true
      },
      {
        "text": " 학습 꿀팁",
        "userDefined": false
      }
    ],
    "isTemplate": false,
    "count": 0,
    "lang": "ko",
    "updated": 0
  },
  {
    "id": "3d080829-7662-425d-998f-223fcec0c19c",
    "data": [
      {
        "text": "비전공자",
        "meta": "@it_info_tips_newin",
        "alias": "it_info_tips_newin",
        "userDefined": true
      },
      {
        "text": " 학습 꿀팁 알려줘",
        "userDefined": false
      }
    ],
    "isTemplate": false,
    "count": 0,
    "lang": "ko",
    "updated": 0
  }
]