[
  {
    "id": "645941a1-c879-484a-84f2-e6e790955f9d",
    "data": [
      {
        "text": "CGAN",
        "meta": "@sys.ignore",
        "userDefined": false
      }
    ],
    "isTemplate": false,
    "count": 0,
    "lang": "ko",
    "updated": 0
  },
  {
    "id": "230b1c3e-c07f-44aa-99d8-37b53ae73dd6",
    "data": [
      {
        "text": "GAN",
        "meta": "@sys.ignore",
        "userDefined": false
      }
    ],
    "isTemplate": false,
    "count": 0,
    "lang": "ko",
    "updated": 0
  },
  {
    "id": "c34a1b61-a780-4a7b-b256-fe94ffe60ecc",
    "data": [
      {
        "text": "gru",
        "userDefined": false
      }
    ],
    "isTemplate": false,
    "count": 3,
    "lang": "ko",
    "updated": 0
  }
]