[
  {
    "id": "e8e8514f-fa82-41d8-bb99-caba801e2f9f",
    "data": [
      {
        "text": "엘에스티엠",
        "meta": "@LSTM",
        "alias": "LSTM",
        "userDefined": true
      }
    ],
    "isTemplate": false,
    "count": 0,
    "lang": "ko",
    "updated": 0
  },
  {
    "id": "0f11e080-dced-4611-9f82-9f05299164b6",
    "data": [
      {
        "text": "lstm은",
        "meta": "@LSTM",
        "alias": "LSTM",
        "userDefined": true
      },
      {
        "text": " 머야?",
        "userDefined": false
      }
    ],
    "isTemplate": false,
    "count": 0,
    "lang": "ko",
    "updated": 0
  },
  {
    "id": "ef06a287-2f86-45a0-9773-7c3eab7321a9",
    "data": [
      {
        "text": "LSTM",
        "meta": "@LSTM",
        "alias": "LSTM",
        "userDefined": true
      },
      {
        "text": "은 뭐야?",
        "userDefined": false
      }
    ],
    "isTemplate": false,
    "count": 0,
    "lang": "ko",
    "updated": 0
  }
]