[
  {
    "id": "835d5358-79cf-46f9-9a17-2acce844fd12",
    "data": [
      {
        "text": "알엔엔",
        "meta": "@term_algorism",
        "alias": "term_algorism",
        "userDefined": false
      }
    ],
    "isTemplate": false,
    "count": 0,
    "lang": "ko",
    "updated": 0
  },
  {
    "id": "cfabe879-c9da-4f72-86e1-5644d17b76fa",
    "data": [
      {
        "text": "알앤앤",
        "meta": "@term_algorism",
        "alias": "term_algorism",
        "userDefined": false
      },
      {
        "text": "이",
        "meta": "@sys.ignore",
        "userDefined": false
      },
      {
        "text": " 뭐야?",
        "userDefined": false
      }
    ],
    "isTemplate": false,
    "count": 0,
    "lang": "ko",
    "updated": 0
  },
  {
    "id": "0c8618ae-2ca5-4f9b-86c5-1827d52b2638",
    "data": [
      {
        "text": "RNN",
        "meta": "@term_algorism",
        "alias": "term_algorism",
        "userDefined": true
      }
    ],
    "isTemplate": false,
    "count": 0,
    "lang": "ko",
    "updated": 0
  },
  {
    "id": "8c575207-7ea2-44fb-b225-e4629a98cd8f",
    "data": [
      {
        "text": "RNN",
        "meta": "@term_algorism",
        "alias": "term_algorism",
        "userDefined": true
      },
      {
        "text": "이",
        "meta": "@sys.ignore",
        "userDefined": false
      },
      {
        "text": " 뭐야?",
        "userDefined": false
      }
    ],
    "isTemplate": false,
    "count": 0,
    "lang": "ko",
    "updated": 0
  }
]