[
  {
    "id": "8397ad37-4f79-4beb-a182-99b0d735cf95",
    "data": [
      {
        "text": "교육생",
        "meta": "@sys.ignore",
        "userDefined": false
      },
      {
        "text": " ",
        "userDefined": false
      },
      {
        "text": "상담",
        "meta": "@sys.ignore",
        "userDefined": false
      }
    ],
    "isTemplate": false,
    "count": 0,
    "lang": "ko",
    "updated": 0
  },
  {
    "id": "b1a3b235-6edc-487f-a017-88b83f457f9b",
    "data": [
      {
        "text": "교육생",
        "meta": "@sys.ignore",
        "userDefined": false
      },
      {
        "text": "상담",
        "meta": "@sys.ignore",
        "userDefined": false
      }
    ],
    "isTemplate": false,
    "count": 0,
    "lang": "ko",
    "updated": 0
  },
  {
    "id": "0c7c424d-0a52-4036-a38f-bca87572d382",
    "data": [
      {
        "text": "상담",
        "meta": "@sys.ignore",
        "userDefined": false
      }
    ],
    "isTemplate": false,
    "count": 0,
    "lang": "ko",
    "updated": 0
  },
  {
    "id": "abff901f-dd40-472a-bd5e-fb46da21844f",
    "data": [
      {
        "text": "교육생",
        "meta": "@sys.ignore",
        "userDefined": false
      }
    ],
    "isTemplate": false,
    "count": 0,
    "lang": "ko",
    "updated": 0
  },
  {
    "id": "bdca7807-8e7b-455d-a81b-d60cf4cbdade",
    "data": [
      {
        "text": "3",
        "meta": "@sys.ignore",
        "userDefined": false
      },
      {
        "text": ".",
        "userDefined": false
      }
    ],
    "isTemplate": false,
    "count": 0,
    "lang": "ko",
    "updated": 0
  },
  {
    "id": "7bf73254-7a80-446d-a301-309129f98647",
    "data": [
      {
        "text": "3",
        "meta": "@sys.ignore",
        "userDefined": false
      }
    ],
    "isTemplate": false,
    "count": 0,
    "lang": "ko",
    "updated": 0
  }
]