[
  {
    "id": "64b6bd4b-2a30-442e-90a7-3c7326d002b1",
    "data": [
      {
        "text": "정보",
        "meta": "@sys.ignore",
        "userDefined": false
      }
    ],
    "isTemplate": false,
    "count": 1,
    "lang": "ko",
    "updated": 0
  },
  {
    "id": "e704d704-6f32-4406-ab27-29d0ae57fb21",
    "data": [
      {
        "text": "학습",
        "userDefined": false
      },
      {
        "text": "정보",
        "meta": "@sys.ignore",
        "userDefined": false
      }
    ],
    "isTemplate": false,
    "count": 0,
    "lang": "ko",
    "updated": 0
  },
  {
    "id": "7a87c463-a138-428a-968d-8fb83c627420",
    "data": [
      {
        "text": "학습",
        "userDefined": false
      }
    ],
    "isTemplate": false,
    "count": 0,
    "lang": "ko",
    "updated": 0
  },
  {
    "id": "bde348f0-96d4-4566-bc06-c8525f73aba3",
    "data": [
      {
        "text": "4",
        "meta": "@sys.ignore",
        "userDefined": false
      },
      {
        "text": ".",
        "userDefined": false
      }
    ],
    "isTemplate": false,
    "count": 0,
    "lang": "ko",
    "updated": 0
  },
  {
    "id": "5a254033-1a72-4e4d-b3ff-275599bfa247",
    "data": [
      {
        "text": "4",
        "meta": "@sys.ignore",
        "userDefined": false
      }
    ],
    "isTemplate": false,
    "count": 0,
    "lang": "ko",
    "updated": 0
  }
]