[
  {
    "value": "미니 프로젝트",
    "synonyms": [
      "미니 프로젝트",
      "미니프로젝트",
      "미니",
      "Mini"
    ]
  },
  {
    "value": "산학 프로젝트",
    "synonyms": [
      "산학 프로젝트",
      "산학",
      "협력",
      "산학 협력"
    ]
  },
  {
    "value": "카페 주소",
    "synonyms": [
      "카페 주소",
      "카페",
      "블로그",
      "cafe",
      "네이버카페"
    ]
  },
  {
    "value": "특강정보",
    "synonyms": [
      "특강정보",
      "특강",
      "TOPIC"
    ]
  },
  {
    "value": "교육생 지원",
    "synonyms": [
      "교육생 지원",
      "교육생",
      "지원",
      "장려금",
      "교육비",
      "교재지원"
    ]
  }
]