[
  {
    "value": "교재안내",
    "synonyms": [
      "1.교재안내",
      "교재안내",
      "1",
      "1 교재안내",
      "교재"
    ]
  },
  {
    "value": "시간표",
    "synonyms": [
      "2. 시간표",
      "시간표",
      "2",
      "2 시간표",
      "시간"
    ]
  },
  {
    "value": "수료기준",
    "synonyms": [
      "3. 수료기준",
      "수료기준",
      "3",
      "3 수료기준",
      "수료"
    ]
  },
  {
    "value": "출결기준",
    "synonyms": [
      "4. 출결기준",
      "출결기준",
      "4",
      "4 출결기준",
      "출결",
      "출석"
    ]
  },
  {
    "value": "기타",
    "synonyms": [
      "6. 기타",
      "기타",
      "6",
      "6 기타"
    ]
  },
  {
    "value": "프로젝트",
    "synonyms": [
      "프로젝트",
      "5. 프로젝트",
      "5 프로젝트",
      "5"
    ]
  }
]