[
  {
    "value": "교재안내",
    "synonyms": [
      "교재안내",
      "교재",
      "책",
      "도서",
      "1"
    ]
  },
  {
    "value": "시간표",
    "synonyms": [
      "시간표",
      "타임테이블",
      "time table",
      "수업시간표",
      "2"
    ]
  },
  {
    "value": "수료기준",
    "synonyms": [
      "수료기준",
      "수료",
      "졸업",
      "포기",
      "중도포기",
      "3"
    ]
  },
  {
    "value": "출결기준",
    "synonyms": [
      "출결기준",
      "출결",
      "출석",
      "지각",
      "결석",
      "몇 분",
      "몇분",
      "4"
    ]
  }
]