[
  {
    "value": "AI개발자 양성과정 3기",
    "synonyms": [
      "AI개발자 양성과정 3기",
      "3기",
      "AI개발자",
      "개발자",
      "양성",
      "1"
    ]
  },
  {
    "value": "언어-시각 AI 전문가 과정 1기",
    "synonyms": [
      "언어-시각",
      "언어",
      "시각",
      "전문가",
      "1기",
      "2"
    ]
  },
  {
    "value": "공공 청년인턴십",
    "synonyms": [
      "청년인턴십",
      "3",
      "공공",
      "인턴십",
      "청년"
    ]
  }
]