[
  {
    "value": "라면",
    "synonyms": [
      "라면"
    ]
  },
  {
    "value": "떡볶이",
    "synonyms": [
      "떡볶이"
    ]
  },
  {
    "value": "밥",
    "synonyms": [
      "밥"
    ]
  },
  {
    "value": "커피",
    "synonyms": [
      "커피",
      "라떼",
      "아메리카노",
      "아이스 아메리카노",
      "아아"
    ]
  },
  {
    "value": "라떼",
    "synonyms": [
      "라떼"
    ]
  },
  {
    "value": "돈까스",
    "synonyms": [
      "돈까스"
    ]
  },
  {
    "value": "피자",
    "synonyms": [
      "피자"
    ]
  },
  {
    "value": "스시",
    "synonyms": [
      "스시"
    ]
  },
  {
    "value": "햄버거",
    "synonyms": [
      "햄버거"
    ]
  },
  {
    "value": "백반",
    "synonyms": [
      "백반"
    ]
  },
  {
    "value": "마라탕",
    "synonyms": [
      "마라탕",
      "마라"
    ]
  },
  {
    "value": "마라샹궈",
    "synonyms": [
      "마라샹궈",
      "샹궈"
    ]
  },
  {
    "value": "치킨",
    "synonyms": [
      "치킨"
    ]
  },
  {
    "value": "백숙",
    "synonyms": [
      "백숙"
    ]
  },
  {
    "value": "죽",
    "synonyms": [
      "죽"
    ]
  }
]