[
  {
    "id": "e59dbf64-e1f2-42d5-9845-246f33eed671",
    "data": [
      {
        "text": "오랜만이야",
        "userDefined": false
      }
    ],
    "isTemplate": false,
    "count": 0,
    "lang": "ko",
    "updated": 0
  },
  {
    "id": "7ba61135-3db9-4f2e-907a-839f00cce37a",
    "data": [
      {
        "text": "안녕",
        "userDefined": false
      }
    ],
    "isTemplate": false,
    "count": 0,
    "lang": "ko",
    "updated": 0
  },
  {
    "id": "4a615b69-20f0-41e8-ad89-b3e65d16ed9c",
    "data": [
      {
        "text": "저기",
        "userDefined": false
      }
    ],
    "isTemplate": false,
    "count": 0,
    "lang": "ko",
    "updated": 0
  },
  {
    "id": "2f0b6e1d-ab42-4dec-be5a-0cbe9f4698c7",
    "data": [
      {
        "text": "잘 있었어",
        "userDefined": false
      }
    ],
    "isTemplate": false,
    "count": 0,
    "lang": "ko",
    "updated": 0
  },
  {
    "id": "c3fe8deb-6c7e-427d-b9e6-a0244c6dc7bc",
    "data": [
      {
        "text": "반가워",
        "userDefined": false
      }
    ],
    "isTemplate": false,
    "count": 0,
    "lang": "ko",
    "updated": 0
  },
  {
    "id": "e3396834-3c49-4984-a324-bd2476048ff2",
    "data": [
      {
        "text": "오랜만",
        "userDefined": false
      }
    ],
    "isTemplate": false,
    "count": 0,
    "lang": "ko",
    "updated": 0
  },
  {
    "id": "8e32421d-a57d-4445-9d90-56d6fa3cdd72",
    "data": [
      {
        "text": "어떻게 지냈어",
        "userDefined": false
      }
    ],
    "isTemplate": false,
    "count": 0,
    "lang": "ko",
    "updated": 0
  },
  {
    "id": "59843215-2d0c-479e-b93b-77c811ab56c6",
    "data": [
      {
        "text": "잘 지냈니",
        "userDefined": false
      }
    ],
    "isTemplate": false,
    "count": 0,
    "lang": "ko",
    "updated": 0
  },
  {
    "id": "b4c988ed-4934-4e92-be82-b2f136438a24",
    "data": [
      {
        "text": "오늘 어때",
        "userDefined": false
      }
    ],
    "isTemplate": false,
    "count": 0,
    "lang": "ko",
    "updated": 0
  }
]