[
  {
    "id": "b7c1f9d4-fbac-4ca4-944c-0e3237fa4d9b",
    "data": [
      {
        "text": "뭐있어",
        "userDefined": false
      }
    ],
    "isTemplate": false,
    "count": 0,
    "lang": "ko",
    "updated": 0
  },
  {
    "id": "fc4717bf-601f-43f0-be1d-54f3d7caaced",
    "data": [
      {
        "text": "뭐뭐 있어",
        "userDefined": false
      }
    ],
    "isTemplate": false,
    "count": 0,
    "lang": "ko",
    "updated": 0
  },
  {
    "id": "cf1ea667-afae-4c8b-8f10-5b64e4a92980",
    "data": [
      {
        "text": "메뉴",
        "meta": "@sys.ignore",
        "userDefined": false
      },
      {
        "text": " 무엇",
        "userDefined": false
      }
    ],
    "isTemplate": false,
    "count": 0,
    "lang": "ko",
    "updated": 0
  },
  {
    "id": "8e38a7e5-f0ce-4aec-a93c-06ed12280527",
    "data": [
      {
        "text": "메뉴",
        "meta": "@sys.ignore",
        "userDefined": false
      }
    ],
    "isTemplate": false,
    "count": 0,
    "lang": "ko",
    "updated": 0
  },
  {
    "id": "6d784cd8-0e46-4adf-805e-4e4089bcd8d2",
    "data": [
      {
        "text": "뭐 팔아",
        "userDefined": false
      }
    ],
    "isTemplate": false,
    "count": 0,
    "lang": "ko",
    "updated": 0
  },
  {
    "id": "08979ebc-2ce8-47de-b5d1-46b4df657dfb",
    "data": [
      {
        "text": "메뉴",
        "meta": "@sys.ignore",
        "userDefined": false
      },
      {
        "text": " 뭐있어",
        "userDefined": false
      }
    ],
    "isTemplate": false,
    "count": 0,
    "lang": "ko",
    "updated": 0
  }
]