[
  {
    "id": "0e9dd5fc-4f2d-4755-8828-4375d57c7ae9",
    "data": [
      {
        "text": "왕돈까스",
        "meta": "@price1",
        "alias": "price1",
        "userDefined": false
      },
      {
        "text": " 얼마",
        "userDefined": false
      }
    ],
    "isTemplate": false,
    "count": 0,
    "lang": "ko",
    "updated": 0
  },
  {
    "id": "f15aca20-fc48-45a2-9d3d-e8cdb973313c",
    "data": [
      {
        "text": "사이다",
        "meta": "@side",
        "alias": "side",
        "userDefined": false
      },
      {
        "text": " ",
        "userDefined": false
      },
      {
        "text": "얼마",
        "meta": "@sys.ignore",
        "userDefined": true
      }
    ],
    "isTemplate": false,
    "count": 0,
    "lang": "ko",
    "updated": 0
  },
  {
    "id": "91819143-3456-4048-913d-f830c89e45c3",
    "data": [
      {
        "text": "함박스테이크",
        "meta": "@price2",
        "alias": "price2",
        "userDefined": false
      },
      {
        "text": " ",
        "userDefined": false
      },
      {
        "text": "얼만데",
        "meta": "@sys.ignore",
        "userDefined": true
      }
    ],
    "isTemplate": false,
    "count": 0,
    "lang": "ko",
    "updated": 0
  },
  {
    "id": "86e13ea8-9f03-4b91-a559-020db4aeab5c",
    "data": [
      {
        "text": "김치볶음밥",
        "meta": "@price1",
        "alias": "price1",
        "userDefined": false
      },
      {
        "text": " ",
        "userDefined": false
      },
      {
        "text": "얼마야?",
        "meta": "@sys.ignore",
        "userDefined": true
      }
    ],
    "isTemplate": false,
    "count": 0,
    "lang": "ko",
    "updated": 0
  },
  {
    "id": "e42bd171-1dd8-48d8-8dd2-92c2f7fd2a44",
    "data": [
      {
        "text": "돈까스",
        "meta": "@price1",
        "alias": "price1",
        "userDefined": false
      },
      {
        "text": " ",
        "userDefined": false
      },
      {
        "text": "가격",
        "meta": "@sys.ignore",
        "userDefined": true
      }
    ],
    "isTemplate": false,
    "count": 0,
    "lang": "ko",
    "updated": 0
  }
]