[
  {
    "id": "66ba941e-d64b-4364-ade7-b782ef2da0fc",
    "data": [
      {
        "text": "대표",
        "meta": "@sys.ignore",
        "userDefined": false
      }
    ],
    "isTemplate": false,
    "count": 0,
    "lang": "ko",
    "updated": 0
  },
  {
    "id": "151d760f-28f2-4a00-a589-256a015aac5c",
    "data": [
      {
        "text": "대장",
        "userDefined": false
      }
    ],
    "isTemplate": false,
    "count": 0,
    "lang": "ko",
    "updated": 0
  },
  {
    "id": "5322ed1e-2a44-4d56-8bdf-e988496bb6b4",
    "data": [
      {
        "text": "사장님",
        "meta": "@sys.ignore",
        "userDefined": false
      }
    ],
    "isTemplate": false,
    "count": 0,
    "lang": "ko",
    "updated": 0
  },
  {
    "id": "5893151c-94a2-4aff-810f-1615a64ebb94",
    "data": [
      {
        "text": "사장",
        "meta": "@sys.ignore",
        "userDefined": false
      }
    ],
    "isTemplate": false,
    "count": 0,
    "lang": "ko",
    "updated": 0
  },
  {
    "id": "3eed7d74-d666-4d49-91da-7375095cbc7f",
    "data": [
      {
        "text": "대표자",
        "userDefined": false
      }
    ],
    "isTemplate": false,
    "count": 0,
    "lang": "ko",
    "updated": 0
  }
]