[
  {
    "id": "495876ba-6bff-4ac0-a6ee-5cf14652a876",
    "data": [
      {
        "text": "니 누고",
        "userDefined": false
      }
    ],
    "isTemplate": false,
    "count": 0,
    "lang": "ko",
    "updated": 0
  },
  {
    "id": "2215875e-c867-430a-89b5-f36d176f9cd7",
    "data": [
      {
        "text": "누구냐",
        "userDefined": false
      }
    ],
    "isTemplate": false,
    "count": 0,
    "lang": "ko",
    "updated": 0
  },
  {
    "id": "3afaf8c7-41e0-4f61-9591-6798c1c31f8d",
    "data": [
      {
        "text": "뭐하는 녀석이냐",
        "userDefined": false
      }
    ],
    "isTemplate": false,
    "count": 0,
    "lang": "ko",
    "updated": 0
  },
  {
    "id": "7a17f560-9797-4433-9e91-9223807f9be0",
    "data": [
      {
        "text": "넌 누구니?",
        "userDefined": false
      }
    ],
    "isTemplate": false,
    "count": 1,
    "lang": "ko",
    "updated": 0
  },
  {
    "id": "b26a6811-c8cc-4e9f-9e44-5ca4725b4f07",
    "data": [
      {
        "text": "이름",
        "userDefined": false
      },
      {
        "text": "이",
        "meta": "@sys.ignore",
        "userDefined": false
      },
      {
        "text": " 뭐니?",
        "userDefined": false
      }
    ],
    "isTemplate": false,
    "count": 0,
    "lang": "ko",
    "updated": 0
  }
]