[
  {
    "id": "55a7d933-3ad4-4d1e-b461-7a5f7db85051",
    "data": [
      {
        "text": "매장",
        "meta": "@sys.ignore",
        "userDefined": false
      },
      {
        "text": " 어디니",
        "userDefined": false
      }
    ],
    "isTemplate": false,
    "count": 0,
    "lang": "ko",
    "updated": 0
  },
  {
    "id": "af44f2c0-9821-4ff6-8061-e2ec2753e83b",
    "data": [
      {
        "text": "매장",
        "meta": "@sys.ignore",
        "userDefined": false
      },
      {
        "text": " 어디",
        "userDefined": false
      }
    ],
    "isTemplate": false,
    "count": 0,
    "lang": "ko",
    "updated": 0
  },
  {
    "id": "34bba5a3-b813-45ae-bf8f-670af7f06a56",
    "data": [
      {
        "text": "매장",
        "meta": "@sys.ignore",
        "userDefined": false
      },
      {
        "text": " 위치",
        "userDefined": false
      }
    ],
    "isTemplate": false,
    "count": 0,
    "lang": "ko",
    "updated": 0
  },
  {
    "id": "358fe79d-4970-477f-a84c-c4a012c1cdf0",
    "data": [
      {
        "text": "매장",
        "meta": "@sys.ignore",
        "userDefined": false
      },
      {
        "text": " 주소",
        "userDefined": false
      }
    ],
    "isTemplate": false,
    "count": 0,
    "lang": "ko",
    "updated": 0
  }
]