[
  {
    "id": "a0a610b2-ac0b-498a-b830-e34965abf9fe",
    "data": [
      {
        "text": "하나도 ",
        "userDefined": false
      },
      {
        "text": "배달",
        "meta": "@sys.ignore",
        "userDefined": false
      },
      {
        "text": "해주니?",
        "userDefined": false
      }
    ],
    "isTemplate": false,
    "count": 0,
    "lang": "ko",
    "updated": 0
  },
  {
    "id": "6b3b6dac-234e-454f-8b51-588c2876fa89",
    "data": [
      {
        "text": "하나도 배달해?",
        "userDefined": false
      }
    ],
    "isTemplate": false,
    "count": 0,
    "lang": "ko",
    "updated": 0
  },
  {
    "id": "1098f0b5-9935-4dff-8eab-15716aef2008",
    "data": [
      {
        "text": "하나도 가능?",
        "userDefined": false
      }
    ],
    "isTemplate": false,
    "count": 0,
    "lang": "ko",
    "updated": 0
  },
  {
    "id": "371ab96d-f95a-4552-840b-6a63da0f32d3",
    "data": [
      {
        "text": "1",
        "meta": "@sys.ignore",
        "userDefined": false
      },
      {
        "text": "인분",
        "userDefined": false
      }
    ],
    "isTemplate": false,
    "count": 0,
    "lang": "ko",
    "updated": 0
  },
  {
    "id": "91d4036f-9f74-4614-897d-b5d0fb87b325",
    "data": [
      {
        "text": "배달비",
        "userDefined": false
      }
    ],
    "isTemplate": false,
    "count": 0,
    "lang": "ko",
    "updated": 0
  },
  {
    "id": "5c2a5b52-052d-4362-8f08-8f6452f4a41e",
    "data": [
      {
        "text": "배송료",
        "userDefined": false
      }
    ],
    "isTemplate": false,
    "count": 0,
    "lang": "ko",
    "updated": 0
  },
  {
    "id": "73ddea61-bece-41d5-ab20-d764af124f76",
    "data": [
      {
        "text": "배송비",
        "userDefined": false
      }
    ],
    "isTemplate": false,
    "count": 0,
    "lang": "ko",
    "updated": 0
  }
]