[
  {
    "id": "a738858f-1ea8-4860-a50e-cac941846d13",
    "data": [
      {
        "text": "언제 문 여노",
        "userDefined": false
      }
    ],
    "isTemplate": false,
    "count": 0,
    "lang": "ko",
    "updated": 0
  },
  {
    "id": "e8926ca5-cb97-4886-bebc-62d37b5ae51c",
    "data": [
      {
        "text": "오픈",
        "userDefined": false
      }
    ],
    "isTemplate": false,
    "count": 0,
    "lang": "ko",
    "updated": 0
  },
  {
    "id": "d16f4c07-67be-4ef9-a1ab-15657bcd1655",
    "data": [
      {
        "text": "언제 열어",
        "userDefined": false
      }
    ],
    "isTemplate": false,
    "count": 0,
    "lang": "ko",
    "updated": 0
  },
  {
    "id": "f3133e4c-0270-4259-9484-7f4ccffc66f2",
    "data": [
      {
        "text": "몇시",
        "userDefined": false
      }
    ],
    "isTemplate": false,
    "count": 0,
    "lang": "ko",
    "updated": 0
  },
  {
    "id": "eef0ad2a-a24a-4b15-b2ba-97e66cf89143",
    "data": [
      {
        "text": "몇 시",
        "userDefined": false
      }
    ],
    "isTemplate": false,
    "count": 0,
    "lang": "ko",
    "updated": 0
  },
  {
    "id": "974ab595-306d-41bb-9f2b-8f73e248f46d",
    "data": [
      {
        "text": "운영",
        "meta": "@sys.ignore",
        "userDefined": false
      },
      {
        "text": "시간",
        "userDefined": false
      }
    ],
    "isTemplate": false,
    "count": 0,
    "lang": "ko",
    "updated": 0
  },
  {
    "id": "05d627e4-26db-467f-b0f7-a289aede8cbe",
    "data": [
      {
        "text": "시간",
        "userDefined": false
      }
    ],
    "isTemplate": false,
    "count": 0,
    "lang": "ko",
    "updated": 0
  }
]