[
  {
    "id": "fc5c12c0-c656-4990-8c91-8b44466eaae0",
    "data": [
      {
        "text": "재료 원산지",
        "userDefined": false
      }
    ],
    "isTemplate": false,
    "count": 0,
    "lang": "ko",
    "updated": 0
  },
  {
    "id": "11be910d-a66a-43d3-9159-5ce588e8a181",
    "data": [
      {
        "text": "메뉴",
        "meta": "@menu",
        "alias": "menu",
        "userDefined": true
      },
      {
        "text": " 원산지",
        "userDefined": false
      }
    ],
    "isTemplate": false,
    "count": 0,
    "lang": "ko",
    "updated": 0
  },
  {
    "id": "ec2d2390-0591-477f-add6-7aed712fc19a",
    "data": [
      {
        "text": "왕돈까스",
        "meta": "@menu",
        "alias": "menu",
        "userDefined": false
      },
      {
        "text": " 원산지",
        "userDefined": false
      }
    ],
    "isTemplate": false,
    "count": 0,
    "lang": "ko",
    "updated": 0
  }
]