[
  {
    "id": "a7b1a1c2-fd99-4fa6-914c-8efd6bff2715",
    "data": [
      {
        "text": "토담",
        "meta": "@sys.ignore",
        "userDefined": false
      }
    ],
    "isTemplate": false,
    "count": 0,
    "lang": "ko",
    "updated": 0
  },
  {
    "id": "82030372-0785-44ed-b58d-b87bab79929f",
    "data": [
      {
        "text": "황재빈",
        "meta": "@sys.ignore",
        "userDefined": false
      }
    ],
    "isTemplate": false,
    "count": 0,
    "lang": "ko",
    "updated": 0
  },
  {
    "id": "188cd982-d607-4e8a-801d-eb15da50cd34",
    "data": [
      {
        "text": "ㅋ",
        "userDefined": false
      }
    ],
    "isTemplate": false,
    "count": 0,
    "lang": "ko",
    "updated": 0
  },
  {
    "id": "78916c8f-b7ed-458a-97b0-f830f567bfc4",
    "data": [
      {
        "text": "ㅎㅎㅎㅎㅎㅎㅎ",
        "userDefined": false
      }
    ],
    "isTemplate": false,
    "count": 0,
    "lang": "ko",
    "updated": 0
  },
  {
    "id": "fc8fcf5b-ea23-4d61-a223-a703f33c5a23",
    "data": [
      {
        "text": "ㅋㅋㅋ",
        "meta": "@sys.ignore",
        "userDefined": false
      },
      {
        "text": "ㅋㅋㅋ",
        "meta": "@sys.ignore",
        "userDefined": false
      }
    ],
    "isTemplate": false,
    "count": 0,
    "lang": "ko",
    "updated": 0
  },
  {
    "id": "daf738ef-4254-4ad9-831a-d5981c0b7116",
    "data": [
      {
        "text": "까스요",
        "userDefined": false
      }
    ],
    "isTemplate": false,
    "count": 0,
    "lang": "ko",
    "updated": 0
  },
  {
    "id": "5bccfb55-ab62-4d0c-bde6-9f88d5926b9f",
    "data": [
      {
        "text": "까스까스요",
        "userDefined": false
      }
    ],
    "isTemplate": false,
    "count": 0,
    "lang": "ko",
    "updated": 0
  },
  {
    "id": "562326c1-77a6-4eb5-a25e-b509e59b3b65",
    "data": [
      {
        "text": "임마",
        "meta": "@sys.ignore",
        "userDefined": false
      }
    ],
    "isTemplate": false,
    "count": 0,
    "lang": "ko",
    "updated": 0
  },
  {
    "id": "7a7cac17-8e6b-4a36-9210-6e79c54bdf19",
    "data": [
      {
        "text": "야",
        "userDefined": false
      }
    ],
    "isTemplate": false,
    "count": 0,
    "lang": "ko",
    "updated": 0
  },
  {
    "id": "304d7218-395b-4b72-89d0-dceb74867cf9",
    "data": [
      {
        "text": "까스활",
        "userDefined": false
      },
      {
        "text": "명수",
        "meta": "@sys.ignore",
        "userDefined": false
      }
    ],
    "isTemplate": false,
    "count": 0,
    "lang": "ko",
    "updated": 0
  },
  {
    "id": "194295da-9f24-454b-81aa-9a2f71045a14",
    "data": [
      {
        "text": "까스!",
        "userDefined": false
      }
    ],
    "isTemplate": false,
    "count": 0,
    "lang": "ko",
    "updated": 0
  },
  {
    "id": "6e68ba0c-46a5-4acf-8339-8208eed47f17",
    "data": [
      {
        "text": "까스",
        "userDefined": false
      }
    ],
    "isTemplate": false,
    "count": 0,
    "lang": "ko",
    "updated": 0
  }
]