[
  {
    "id": "0076276f-22ba-4911-a05c-77da2a237e1d",
    "data": [
      {
        "text": "김치돈까스",
        "meta": "@menu",
        "alias": "menu",
        "userDefined": false
      },
      {
        "text": " ",
        "userDefined": false
      },
      {
        "text": "2",
        "meta": "@sys.number",
        "alias": "number",
        "userDefined": false
      },
      {
        "text": ", ",
        "userDefined": false
      },
      {
        "text": "콜라",
        "meta": "@side",
        "alias": "side",
        "userDefined": false
      },
      {
        "text": " ",
        "userDefined": false
      },
      {
        "text": "2",
        "meta": "@sys.number",
        "alias": "number",
        "userDefined": false
      }
    ],
    "isTemplate": false,
    "count": 0,
    "lang": "ko",
    "updated": 0
  },
  {
    "id": "801e39f1-9999-4cbd-a936-37b38a6bf54d",
    "data": [
      {
        "text": "피자돈까스",
        "meta": "@menu",
        "alias": "menu",
        "userDefined": false
      },
      {
        "text": " ",
        "userDefined": false
      },
      {
        "text": "2개",
        "meta": "@numnum",
        "alias": "numnum",
        "userDefined": false
      },
      {
        "text": ", ",
        "userDefined": false
      },
      {
        "text": "사이다",
        "meta": "@side",
        "alias": "side",
        "userDefined": false
      },
      {
        "text": " ",
        "userDefined": false
      },
      {
        "text": "2개",
        "meta": "@numnum",
        "alias": "numnum",
        "userDefined": false
      }
    ],
    "isTemplate": false,
    "count": 0,
    "lang": "ko",
    "updated": 0
  },
  {
    "id": "dc8c3651-a865-413e-9c08-c48d7c70af56",
    "data": [
      {
        "text": "김치볶음밥",
        "meta": "@menu",
        "alias": "menu",
        "userDefined": true
      },
      {
        "text": ",  ",
        "userDefined": false
      },
      {
        "text": "사이다",
        "meta": "@menu",
        "alias": "menu",
        "userDefined": true
      },
      {
        "text": ", ",
        "userDefined": false
      },
      {
        "text": "피자돈까스",
        "meta": "@menu",
        "alias": "menu",
        "userDefined": true
      }
    ],
    "isTemplate": false,
    "count": 0,
    "lang": "ko",
    "updated": 0
  },
  {
    "id": "d8e81b23-103e-4b2d-b7b8-3020528c69e7",
    "data": [
      {
        "text": "치즈돈까스",
        "meta": "@menu",
        "alias": "menu",
        "userDefined": true
      },
      {
        "text": " ",
        "userDefined": false
      },
      {
        "text": "하나",
        "meta": "@sys.number",
        "alias": "number",
        "userDefined": true
      }
    ],
    "isTemplate": false,
    "count": 0,
    "lang": "ko",
    "updated": 0
  },
  {
    "id": "4d5f91f8-ffe2-4f64-a50b-aa60ac8df7cb",
    "data": [
      {
        "text": "왕돈까스",
        "meta": "@menu",
        "alias": "menu",
        "userDefined": true
      },
      {
        "text": " ",
        "userDefined": false
      },
      {
        "text": "2개",
        "meta": "@numnum",
        "alias": "numnum",
        "userDefined": true
      }
    ],
    "isTemplate": false,
    "count": 0,
    "lang": "ko",
    "updated": 0
  }
]