[
  {
    "id": "a23b1efb-8f5f-41fd-aa98-509ebdf47fa7",
    "data": [
      {
        "text": "고양시",
        "meta": "@adresss1",
        "alias": "adresss1",
        "userDefined": false
      },
      {
        "text": " ",
        "userDefined": false
      },
      {
        "text": "일산동구",
        "meta": "@adresss1",
        "alias": "adresss1",
        "userDefined": false
      },
      {
        "text": " ",
        "userDefined": false
      },
      {
        "text": "사리현동",
        "meta": "@dong",
        "alias": "dong",
        "userDefined": false
      },
      {
        "text": " ",
        "userDefined": false
      },
      {
        "text": "209-5",
        "meta": "@sys.number",
        "alias": "number",
        "userDefined": false
      }
    ],
    "isTemplate": false,
    "count": 0,
    "lang": "ko",
    "updated": 0
  },
  {
    "id": "5ea4809b-a6a0-4d24-af12-1deeb924a44f",
    "data": [
      {
        "text": "고양시",
        "meta": "@adresss1",
        "alias": "adresss1",
        "userDefined": false
      },
      {
        "text": " ",
        "userDefined": false
      },
      {
        "text": "일산동구",
        "meta": "@adresss1",
        "alias": "adresss1",
        "userDefined": false
      },
      {
        "text": " ",
        "userDefined": false
      },
      {
        "text": "사리현동",
        "meta": "@dong",
        "alias": "dong",
        "userDefined": false
      }
    ],
    "isTemplate": false,
    "count": 0,
    "lang": "ko",
    "updated": 0
  },
  {
    "id": "7c1054a7-66c2-46f8-bae3-ff26d705fa1e",
    "data": [
      {
        "text": "서울시 성북구",
        "meta": "@adress2",
        "alias": "adress2",
        "userDefined": false
      }
    ],
    "isTemplate": false,
    "count": 0,
    "lang": "ko",
    "updated": 0
  },
  {
    "id": "fab89bb2-db79-4a87-af92-70fbc5ee6b0f",
    "data": [
      {
        "text": "수원시 우만동",
        "meta": "@adress2",
        "alias": "adress2",
        "userDefined": false
      }
    ],
    "isTemplate": false,
    "count": 0,
    "lang": "ko",
    "updated": 0
  }
]