[
  {
    "id": "12efef7a-cbab-4066-b4be-c4fdc9982c45",
    "data": [
      {
        "text": "서울시 성북구",
        "meta": "@adress2",
        "alias": "adress2",
        "userDefined": true
      }
    ],
    "isTemplate": false,
    "count": 0,
    "lang": "ko",
    "updated": 0
  },
  {
    "id": "3993be7a-a00b-4245-a600-b1e1d379ba7d",
    "data": [
      {
        "text": "수원시 우만동",
        "meta": "@adress2",
        "alias": "adress2",
        "userDefined": true
      }
    ],
    "isTemplate": false,
    "count": 0,
    "lang": "ko",
    "updated": 0
  },
  {
    "id": "f8165f79-1763-49d0-b455-d8ceb55fd1d9",
    "data": [
      {
        "text": "일산동구",
        "meta": "@adresss1",
        "alias": "adresss1",
        "userDefined": false
      },
      {
        "text": " ",
        "userDefined": false
      },
      {
        "text": "사리현동",
        "meta": "@dong",
        "alias": "dong",
        "userDefined": true
      },
      {
        "text": " ",
        "userDefined": false
      },
      {
        "text": "209-5",
        "meta": "@sys.number",
        "alias": "number",
        "userDefined": true
      }
    ],
    "isTemplate": false,
    "count": 1,
    "lang": "ko",
    "updated": 0
  },
  {
    "id": "21e8e177-d304-45e4-b251-4b9391f59884",
    "data": [
      {
        "text": "경기도 고양시 일산동구",
        "meta": "@adresss1",
        "alias": "adresss1",
        "userDefined": true
      }
    ],
    "isTemplate": false,
    "count": 0,
    "lang": "ko",
    "updated": 0
  }
]