[
  {
    "id": "71172344-e274-4448-b7d5-71dd595d8bce",
    "data": [
      {
        "text": "뭐 팔아?",
        "userDefined": false
      }
    ],
    "isTemplate": false,
    "count": 0,
    "lang": "ko",
    "updated": 0
  },
  {
    "id": "683e22c9-126e-455d-8468-911be5c8897e",
    "data": [
      {
        "text": "뭐뭐 있어?",
        "userDefined": false
      }
    ],
    "isTemplate": false,
    "count": 0,
    "lang": "ko",
    "updated": 0
  },
  {
    "id": "0d07980e-a701-47f4-95df-8dd9e885a987",
    "data": [
      {
        "text": "메뉴",
        "meta": "@sys.ignore",
        "userDefined": false
      },
      {
        "text": " 안내",
        "userDefined": false
      }
    ],
    "isTemplate": false,
    "count": 0,
    "lang": "ko",
    "updated": 0
  },
  {
    "id": "18a75f99-f561-437e-8a7d-6801e3076570",
    "data": [
      {
        "text": "메뉴",
        "meta": "@sys.ignore",
        "userDefined": false
      }
    ],
    "isTemplate": false,
    "count": 0,
    "lang": "ko",
    "updated": 0
  },
  {
    "id": "6105236e-4022-4d34-b272-45c7fab88356",
    "data": [
      {
        "text": "메뉴",
        "meta": "@sys.ignore",
        "userDefined": false
      },
      {
        "text": " 뭐있어?",
        "userDefined": false
      }
    ],
    "isTemplate": false,
    "count": 0,
    "lang": "ko",
    "updated": 0
  }
]