[
  {
    "id": "5f177b98-7ac4-412a-af16-8838ee60465c",
    "data": [
      {
        "text": "치즈돈까스",
        "meta": "@menu",
        "alias": "menu",
        "userDefined": false
      },
      {
        "text": " ",
        "userDefined": false
      },
      {
        "text": "1",
        "meta": "@sys.number",
        "alias": "number",
        "userDefined": false
      },
      {
        "text": ", ",
        "userDefined": false
      },
      {
        "text": "사이다",
        "meta": "@menu",
        "alias": "menu",
        "userDefined": false
      },
      {
        "text": " ",
        "userDefined": false
      },
      {
        "text": "2",
        "meta": "@sys.number",
        "alias": "number",
        "userDefined": false
      },
      {
        "text": " 주문",
        "userDefined": false
      }
    ],
    "isTemplate": false,
    "count": 0,
    "lang": "ko",
    "updated": 0
  },
  {
    "id": "f19cb6ec-7944-4efa-bfd5-ab94ac6b4ae4",
    "data": [
      {
        "text": "김치볶음밥",
        "meta": "@menu",
        "alias": "menu",
        "userDefined": true
      },
      {
        "text": " ",
        "userDefined": false
      },
      {
        "text": "2",
        "meta": "@sys.number",
        "alias": "number",
        "userDefined": false
      },
      {
        "text": " 주문",
        "userDefined": false
      }
    ],
    "isTemplate": false,
    "count": 0,
    "lang": "ko",
    "updated": 0
  },
  {
    "id": "f070eecc-9faf-491c-bcc6-9acf1441bb2a",
    "data": [
      {
        "text": "왕돈까스",
        "meta": "@menu",
        "alias": "menu",
        "userDefined": false
      },
      {
        "text": " ",
        "userDefined": false
      },
      {
        "text": "3개",
        "meta": "@numnum",
        "alias": "numnum",
        "userDefined": false
      },
      {
        "text": " 주문",
        "userDefined": false
      }
    ],
    "isTemplate": false,
    "count": 0,
    "lang": "ko",
    "updated": 0
  },
  {
    "id": "2d3fa56c-af73-4e88-8646-793942feef66",
    "data": [
      {
        "text": "치즈돈까스",
        "meta": "@menu",
        "alias": "menu",
        "userDefined": false
      },
      {
        "text": " 주문",
        "userDefined": false
      }
    ],
    "isTemplate": false,
    "count": 0,
    "lang": "ko",
    "updated": 0
  },
  {
    "id": "52df786f-ce24-4d48-8604-31f70369302e",
    "data": [
      {
        "text": "밥줘",
        "userDefined": false
      }
    ],
    "isTemplate": false,
    "count": 0,
    "lang": "ko",
    "updated": 0
  },
  {
    "id": "15ab33c2-52f9-4388-9eea-eaf0431f7168",
    "data": [
      {
        "text": "delivery",
        "userDefined": false
      }
    ],
    "isTemplate": false,
    "count": 0,
    "lang": "ko",
    "updated": 0
  },
  {
    "id": "b3f28699-f7ad-4979-9e79-a02aa8c9df4f",
    "data": [
      {
        "text": "주문",
        "userDefined": false
      }
    ],
    "isTemplate": false,
    "count": 0,
    "lang": "ko",
    "updated": 0
  },
  {
    "id": "849348c7-1c06-46b7-8608-b4e982798b25",
    "data": [
      {
        "text": "주문 할래",
        "userDefined": false
      }
    ],
    "isTemplate": false,
    "count": 0,
    "lang": "ko",
    "updated": 0
  }
]