[
  {
    "id": "5012d3b3-cb5e-4de5-afad-772059d15b32",
    "data": [
      {
        "text": "노는 날",
        "userDefined": false
      }
    ],
    "isTemplate": false,
    "count": 0,
    "lang": "ko",
    "updated": 0
  },
  {
    "id": "eb7eb3e3-445f-4a26-a83f-4b297644e190",
    "data": [
      {
        "text": "휴무",
        "userDefined": false
      }
    ],
    "isTemplate": false,
    "count": 0,
    "lang": "ko",
    "updated": 0
  },
  {
    "id": "c43c631d-b841-4faf-99f4-472a0a1cfa43",
    "data": [
      {
        "text": "언제 쉬어",
        "userDefined": false
      }
    ],
    "isTemplate": false,
    "count": 0,
    "lang": "ko",
    "updated": 0
  }
]